EIN,Organization Name,City,State,Country,PC,Website
300992605,Restoring Hope to Cities Foundation,Abbotsford Bc,,CANADA,FORGN,https://www.restoringhopetocities.com/
981500462,Fh Canada,Abbotsford Bc,,CANADA,FORGN,https://www.fhcanada.org/financials
465115118,Kwei Foundation Inc.,Admiralty,,HONG KONG,"FORGN,POF",https://fconline.foundationcenter.org/fdo-grantmaker-profile
854402313,Rock of Promise Foundation Inc.,Admiralty,,HONG KONG,"FORGN,POF",https://therf.org/
474097210,Without Vowels Project,Ashkelon,,ISRAEL,FORGN,https://withoutvowels.org/wiki
474102582,Victor Portons Foundation,Ashkelon,,ISRAEL,FORGN,https://www.israelgives.org/amuta
271462287,Simasoh-Nani International,Bamako Bamako,,MALI,FORGN,https://sdgs.un.org/stakeholders
873165134,Timbuktu Eye Foundation,Bamako Bamako,,MALI,FORGN,https://www.timbuktueye.org/home
980078729,Board of Governors of the Banff Centre,Banff Alberta,,CANADA,FORGN,https://www.banffcentre.ca/banff-centre-board-governors
980647235,Banff Centre Foundation,Banff Alberta,,CANADA,FORGN,https://www.banffcentre.ca/banff-centre-foundation
365046180,Hands With Heart Foundation,Barcelona,,SPAIN,FORGN,https://handswithheartfoundation.org/
464949367,Eugenia Balcells Foundation Inc.,Barcelona,,SPAIN,"FORGN,PF",https://eugeniabalcellsfoundation.org/en
320569891,Belize Natural Energy Charitable Trust Inc.,Belmopan,,BELIZE,FORGN,https://bnetrust.org/
365019729,Belize Fund for A Sustainable Future Inc.,Belmopan,,BELIZE,FORGN,https://belizefund.bz/
300505256,Simon Fraser University,Burnaby British Columb,,CANADA,FORGN,https://www.sfu.ca/
980594983,D S R F Down Syndrome Research Foundation,Burnaby British Columb,,CANADA,FORGN,https://www.dsrf.org/
237075452,Cambrian Heights Baptist Church,Calgary,,CANADA,FORGN,https://www.joinmychurch.org/churches
237221636,Evangelical Free Church of Canada,Calgary,,CANADA,FORGN,https://efcc.ca/
300663961,Health Reach Canada,Calgary Ab,,CANADA,FORGN,https://www.canada.ca/en
800092086,American Friends of the University of Calgary Inc.,Calgary Ab,,CANADA,FORGN,https://www.ucalgary.ca/giving
980537572,The J C Anderson Family Foundation,Calgary Ab,,CANADA,"FORGN,PF",https://fconline.foundationcenter.org/fdo-grantmaker-profile
981084156,Lily Street Foundation,Calgary Ab,,CANADA,"FORGN,PF",https://fconline.foundationcenter.org/fdo-grantmaker-profile
311602414,American Friends of the Calgary Health Trust Foundation,Calgary Alberta,,CANADA,"FORGN,PF",https://www.calgaryhealthfoundation.ca/
311804919,The Canadian Hockey Foundation US,Calgary Alberta,,CANADA,FORGN,https://www.hockeycanada.ca/en-ca
874399387,Project 55 Foundation Inc.,Calgary Alberta,,CANADA,FORGN,https://project-55.com/
980127844,Alberta Bible College,Calgary Alberta,,CANADA,FORGN,https://www.abccampus.ca/
980207096,Calgary Academy,Calgary Alberta,,CANADA,FORGN,https://calgaryacademy.com/
980677622,Canadian Constitution 2005 Foundation,Calgary Alberta,,CANADA,FORGN,https://theccf.ca/
981667162,Connect Calgary Baptist Church,Calgary Alberta,,CANADA,FORGN,https://www.connectcalgary.ca/
660843487,Virgin Islands Music Association Inc.,Charlotte Amalie,,BRITISH VIRGIN ISLANDS,FORGN,https://bvi.gov.vg/territorial-music
660892722,Episcopal Charities of the Virgin Islands Inc.,Charlotte Amalie,,BRITISH VIRGIN ISLANDS,FORGN,https://www.province2.org/diocesan-news-stories
237283520,South Shore Community Service Association,Chester Nova Scotia,,CANADA,FORGN,https://ns.211.ca/services
980417559,Bonny Lea Charitable Foundation,Chester Nova Scotia,,CANADA,FORGN,https://bonnyleafarm.ca/foundation
660789822,Ground Strokes Tennis Club,Christiansted,,BRITISH VIRGIN ISLANDS,FORGN,https://bvitennis.com/
660851752,Hope for Learning Academy Inc.,Christiansted,,BRITISH VIRGIN ISLANDS,FORGN,https://bvi.gov.vg/
660879854,Ribbons for A Cure Inc.,Christiansted,,BRITISH VIRGIN ISLANDS,FORGN,https://ribbonsforacure.net/
660993647,Youth Stepping Up Inc.,Christiansted,,BRITISH VIRGIN ISLANDS,FORGN,https://bvi.gov.vg/
986001924,St. Croix Lions Club Inc.,Christiansted,,BRITISH VIRGIN ISLANDS,FORGN,https://e-clubhouse.org/sites
660954707,Sailvi Inc.,Christiansted St. Croix,,BRITISH VIRGIN ISLANDS,FORGN,https://www.sailvi.org/
660985674,Fitter Futures by Beeston Hill Inc.,Christiansted St. Croix,,BRITISH VIRGIN ISLANDS,FORGN,https://fitterfutures.org/
661038226,Hands in Inc.,Christiansted St. Croix,,BRITISH VIRGIN ISLANDS,FORGN,https://bvi.gov.vg/
660628085,Veterans Cricket Club Inc.,Christiansted Vi,,BRITISH VIRGIN ISLANDS,FORGN,https://opengovus.com/tax-exempt
660687232,Yvonne Ashley Galiber Foundation - Yag Inc.,Christiansted Vi,,BRITISH VIRGIN ISLANDS,FORGN,https://www.yagfoundation.org/
660802060,Community Music Inc.,Christiansted Vi,,BRITISH VIRGIN ISLANDS,FORGN,https://bvi.gov.vg/territorial-music
660806942,The St. Croix Orchid Society Inc.,Christiansted Vi,,BRITISH VIRGIN ISLANDS,FORGN,https://stcroixsource.com/2025
660852282,National Panks Inc.,Christiansted Vi,,BRITISH VIRGIN ISLANDS,FORGN,https://www.bvinpt.org/
660922699,Entre El Pueblo,Christiansted Vi,,BRITISH VIRGIN ISLANDS,FORGN,https://bvi.gov.vg/
660746151,Virgin Island Track and Field Federation,Christiansted Virgin I,,BRITISH VIRGIN ISLANDS,FORGN,https://vitrackandfield.com/
981118167,Soldiers Organization Inc.,Christiansted Virgin I,,BRITISH VIRGIN ISLANDS,FORGN,https://bvi.gov.vg/
260122103,Hindu Temple and Community Center of Georgia Inc.,Coimbatore,,INDIA,FORGN,https://hindutempleofatlanta.org/
272872925,Hindu Temple of Ohio Inc.,Coimbatore,,INDIA,FORGN,https://daytontemple.com/
461230633,Mavles Yoga & Spiritual Center,Coimbatore,,INDIA,FORGN,https://www.cntraveller.in/story
834385617,Blessing 2 U Inc.,Dallas,,GEORGIA,FORGN,https://blessing2u.org/
841731601,Montoya Boxing Gym Youth Development Program,Dallas,,AFGHANISTAN,FORGN,https://boxinggymsnear.me/places
352677945,Partners in Education Ethiopia,Edmonton,,CANADA,FORGN,https://www.partnersinedethiopia.org/
581438275,The Classification Society,Edmonton,,CANADA,FORGN,http://theclassificationsociety.com/
660855862,Iglesia De Hoy Inc.,Fajardo,,PUERTO RICO,FORGN,https://www.iglesiahoy.com/
660915723,Sonadores Christian Academy Fajardo Corporation,Fajardo,,PUERTO RICO,FORGN,https://opencorporates.com/companies
237103810,University of New Brunswick,Fredericton New Brunsw,,CANADA,FORGN,https://www.unb.ca/
311632108,Nature Trust of New Brunswick Inc.,Fredericton New Brunsw,,CANADA,FORGN,https://www.naturetrust.nb.ca/
991966187,World Credit Organization,Fredericton New Brunsw,,CANADA,FORGN,https://www.ice8000.org/aenhw
992058095,Ice8000 Kingdom,Fredericton New Brunsw,,CANADA,FORGN,https://www.ice8000.org/
992085390,International Integrity Supervision Net,Fredericton New Brunsw,,CANADA,FORGN,https://www.ice8000.org/aenhw
933842952,The New Humanitarian US Inc.,Geneva,,SWITZERLAND,FORGN,https://www.thenewhumanitarian.org/europe
986001029,International Committee of the Red Cross,Geneva,,SWITZERLAND,FORGN,https://www.icrc.org/en
823385128,Veteran Alliance USA Inc.,Gilbert Az,,AFGHANISTAN,FORGN,https://www.veteranallianceusa.org/
853486158,18x18az,Gilbert Az,,AFGHANISTAN,FORGN,https://18x18az.org/
300094019,Dalhousie Medical Research Foundation,Halifax Nova Scotia,,CANADA,FORGN,https://medicine.dal.ca/research-dal-med
980051094,Mount Saint Vincent University,Halifax Nova Scotia,,CANADA,FORGN,https://www.msvu.ca/
981358092,Saint Marys University,Halifax Nova Scotia,,CANADA,FORGN,https://www.smu.ca/
986001098,Dalhousie University,Halifax Nova Scotia,,CANADA,FORGN,https://www.dal.ca/
136163055,Friends of McMaster Incorporated,Hamilton Ontario,,CANADA,"FORGN,SOUNK",https://www.mcmaster.com/
237213309,McMaster University Ontario,Hamilton Ontario,,CANADA,FORGN,https://www.mcmaster.ca/
133824844,Keren Tefert Yaacov,Jerusalem,,ISRAEL,"FORGN,PF",https://www.seedsofpeace.org/changemakers
134079395,Lozowick Family Foundation Inc.,Jerusalem,,IRAN,"FORGN,PF",https://www.instrumentl.com/990-report
134082426,Nachalat Yisroel Foundation,Jerusalem,,ISRAEL,FORGN,https://www.instrumentl.com/990-report
141782056,American Friends of the Jewish Bible Association Inc.,Jerusalem,,ISRAEL,FORGN,https://www.ifcj.org/
201096061,Kamien Family Foundation,Jerusalem,,ISRAEL,"FORGN,PF",https://www.instrumentl.com/990-report
237285905,Hebrew University Association Jerusalem Palestine,Jerusalem,,ISRAEL,FORGN,https://en.huji.ac.il/
330016684,Church School Service Inc.,Jerusalem,,ISRAEL,FORGN,http://ea-israel.org/members
341596737,American Friends of Machon Hasbara,Jerusalem,,ISRAEL,FORGN,https://americanfriendsofmachonhasbara.us/
612106878,Friends of Ufaratzta Center of Jerusalem Inc.,Jerusalem,,ISRAEL,FORGN,https://www.jpost.com/Not-Just-News
810757923,Jgive-Friends of Asor Fund USA Inc.,Jerusalem,,ISRAEL,FORGN,https://www.jgive.com/en
922802237,Tuv Levav,Jerusalem,,ISRAEL,FORGN,https://www.tuv.com/usa
980151689,Yad Sarah,Jerusalem,,ISRAEL,FORGN,https://yadsarah.org/
113452714,Friends of Yeshiva Chofetz Chaim Kolel-Israel,Jerusalem Israel,,ISRAEL,FORGN,https://www.careervillage.org/groups
137265426,Lomdim Tr,Jerusalem Israel,,ISRAEL,FORGN,https://united-jed.org/fr
363898502,American Friends of Machon Meir Inc.,Jerusalem Israel,,ISRAEL,FORGN,https://machonmeir.net/
522007608,American Friends of Machon Daniel Inc.,Jerusalem Jerusalem,,ISRAEL,FORGN,https://machondaniel.org/contact
981647482,Alnayzak - Jerusalem Innovation Park Ra,Jerusalem Jerusalem,,ISRAEL,FORGN,https://alnayzak.org/
660724081,Guardians of Culture Inc.,Kingshill,,BRITISH VIRGIN ISLANDS,FORGN,https://gocusvi.org/
660844474,Anatha Org,Kingshill,,BRITISH VIRGIN ISLANDS,FORGN,https://bvi.gov.vg/
273661758,Bully Baby Rescue Inc.,Kingshill Vi,,BRITISH VIRGIN ISLANDS,FORGN,https://bullybabyrescue.org/
660979183,Nuvo Recovery Services Inc.,Kingshill Vi,,BRITISH VIRGIN ISLANDS,FORGN,https://bvirecovery.vg/
661014130,St. Croix Science Teachers Association Inc.,Kingshill Vi,,BRITISH VIRGIN ISLANDS,FORGN,https://www.virginislandsdailynews.com/news
237099472,Queens University at Kingston Department of Financial Services,Kingston On,,CANADA,FORGN,https://www.queensu.ca/financialservices
521960422,US Foundation for Queens University at Kingston,Kingston On,,CANADA,FORGN,https://www.queensu.ca/
301218167,Burman Univerity Foundation,Lacombe Ab,,CANADA,FORGN,https://www.burmanu.ca/
611951638,A Better World Helping Hands USA,Lacombe Ab,,CANADA,FORGN,https://www.abwcanada.ca/usa-donations
311746249,Friends of the Canadian Family Inc.,Langley Bc,,CANADA,FORGN,https://friends.ca/
473384664,Northwest Baptist Theological College,Langley Bc,,CANADA,FORGN,https://nbseminary.ca/
980439803,Wellspring Foundation for Education,Langley Bc,,CANADA,FORGN,https://thewellspringfoundation.org/
981156450,Signal Hill Life Education Society,Langley Bc,,CANADA,FORGN,https://thesignalhill.com/
237204465,Trinity Western University,Langley British Columb,,CANADA,FORGN,https://www.twu.ca/
873185352,Timberwise Charitable Foundation,Langley British Columb,,CANADA,FORGN,https://timberwisecharitable.org/
133785442,Great Pacific Foundation,Local,,CANADA,"FORGN,PF",https://www.asiapacific.ca/
473032905,Inference the International Review of Science Inc.,Local,,FRANCE,"FORGN,POF",https://inference-review.com/
981251641,Prairie Centre for Christian Education,Local,,CANADA,FORGN,https://pcce.ca/
043392655,International Psychoanalytical Association Fund Delaware,London,,UNITED KINGDOM,FORGN,https://www.ipa.world/
133211128,World Federation of Societies of Anaesthesiologists,London,,UNITED KINGDOM,FORGN,https://wfsahq.org/
133823577,American Friends of English National Opera Inc.,London,,UNITED KINGDOM,FORGN,https://www.eno.org/support-us
134028661,Redress Trust Limited,London,,UNITED KINGDOM,FORGN,https://redress.org/
264577639,American Friends of Sentebale Foundation,London,,UNITED KINGDOM,FORGN,https://sentebale.org/
320481578,1421 Research Education and Exploration Foundation,London,,UNITED KINGDOM,FORGN,https://www.1421foundation.org/
384025866,Fight for Peace Inc.,London,,UNITED KINGDOM,FORGN,https://fightforpeace.net/
421778609,Harrison-Frank Family Foundation US,London,,UNITED KINGDOM,"FORGN,PF",https://harrisonfrankfoundation.com/
611735944,Jocks Influence Limited,London,,UNITED KINGDOM,"FORGN,PF",https://find-and-update.company-information.service.gov.uk/company
813418775,Relief Brigade Inc.,London,,UNITED KINGDOM,FORGN,https://rrtglobal.org/gb
980036091,Royal Institute of International Affairs,London,,UNITED KINGDOM,FORGN,https://www.chathamhouse.org/
980362884,Figo Charitable Foundation,London,,UNITED KINGDOM,"FORGN,PF",https://www.figo.org/about-us
980670335,Black Heart Foundation US,London,,UNITED KINGDOM,FORGN,https://blackheartfoundation.org/welcome
991728239,Listening to the Other Side,London,,UNITED KINGDOM,FORGN,https://listeningto.org/start
300246732,Genesis America Inc.,London London,,UNITED KINGDOM,"FORGN,PF",https://www.genesis.com/uk
930853086,Starburst Foundation,London London,,UNITED KINGDOM,FORGN,https://www.starburstfoundation.com/
474177131,Pugtastic 7 Pug Rescue - No Borders Inc.,London On,,CANADA,FORGN,https://pug.rescueshelter.com/ca
870793309,Wealth Producers Ministries,London On,,CANADA,FORGN,https://wealthproducers.com/
136620923,University of Western Ontario Foundation Inc.,London Ontario,,CANADA,FORGN,https://www.uwo.ca/finance
341535722,Shantymens Christian Association of United States of America,London Ontario,,CANADA,FORGN,https://www.scainternational.org/
612105452,Fathers for Fathers USA,London Ontario,,CANADA,FORGN,https://fathersforfathers.org/
980058317,St. Peters Seminary Corporation of London in Ontario,London Ontario,,CANADA,FORGN,https://www.stpetersseminary.ca/
980661838,Ivey Business School Foundation,London Ontario,,CANADA,"FORGN,SO",https://www.ivey.org/
981613534,Huron University College,London Ontario,,CANADA,FORGN,https://huronu.ca/
986001623,University of Western Ontario,London Ontario,,CANADA,FORGN,https://www.uwo.ca/index.html
300160254,1600 Avenue,Los Angeles Ca,,GERMANY,FORGN,https://www.whitehouse.gov/contact
863248637,Tee Divas and Tee Dudes Golf Club Foundation,Los Angeles Ca,,CANADA,FORGN,https://teedivas-dudesgolf.com/
270260235,William and Mary Singer Family Foundation,Mississauga On,,CANADA,"FORGN,PF",https://www.canadahelps.org/en
300515313,Hari Krishan Publications,Mississauga On,,CANADA,FORGN,https://www.iskcon.org/
356050271,Impact Ministry Group Church Planting Inc.,Mississauga On,,CANADA,FORGN,https://www.impactministrygroup.org/
463141903,Just Energy Foundation USA Inc.,Mississauga On,,CANADA,"FORGN,PF",https://justenergy.com/blog
834592263,Save the Bull Trout,Missoula Mt.,,CANADA,FORGN,https://www.canada.ca/en
886688451,Unity for Childrens Education Organization,Missoula Mt.,,CAMBODIA,FORGN,https://uceschool.org/
237226533,Union Deglises Baptistes Francaises Au Canada,Montreal,,CANADA,FORGN,https://unionbaptiste.com/trouver-une-eglise
301412762,Pissed Organization Inc.,Montreal,,CANADA,FORGN,https://www.canada.ca/en
980032043,Macdonald Stewart Foundation,Montreal,,CANADA,"FORGN,PF",https://www.msfoundation.org/index.html
986001248,La Compagnie De Jesus,Montreal,,CANADA,FORGN,https://jesuits.ca/
986001321,Salvation Army of England,Montreal,,CANADA,FORGN,https://salvationarmy.ca/
066039988,Wiegand Memorial Foundation Inc.,Montreal Qc,,CANADA,"FORGN,PF",https://wiegandfoundation.org/
272515889,Societe Maxcen-Math Maxcen-Math Society,Montreal Qc,,CANADA,FORGN,https://www.maxmaths.org/index.php
384107840,International Xenotransplantation Association,Montreal Qc,,CANADA,FORGN,https://tts.org/ixa-about
431809268,Society for Institutional and Organizational Economics,Montreal Qc,,CANADA,FORGN,https://www.sioe.org/
986001012,Eldee Foundation,Montreal Qc,,CANADA,"FORGN,PF",https://fconline.foundationcenter.org/fdo-grantmaker-profile
030356850,Kosa Communications Ltd.,Montreal Quebec,,CANADA,FORGN,https://www.kosamusic.com/contact-us
134045482,International Pediatric Transplant Association Inc.,Montreal Quebec,,CANADA,FORGN,https://tts.org/ctrms-resources
237172320,Universite De Montreal Succursale A Quebec,Montreal Quebec,,CANADA,FORGN,https://www.umontreal.ca/en
237348742,Transplantation Society,Montreal Quebec,,CANADA,FORGN,https://www.cst-transplant.ca/
301152035,Split Inc.,Montreal Quebec,,CANADA,FORGN,https://www.splitofficial.com/
320588339,Intestinal Rehabilitation and Transplant Association,Montreal Quebec,,CANADA,FORGN,https://tts.org/irta-join
364927940,Cell Transplant & Regenerative Medicine Society Inc.,Montreal Quebec,,CANADA,FORGN,https://tts.org/ctrms-about
611995257,Transplant Infectious Disease Inc.,Montreal Quebec,,CANADA,FORGN,https://onlinelibrary.wiley.com/journal
752990161,Friends of Sir M B Davis Jewish General Hospital,Montreal Quebec,,CANADA,"FORGN,SOUNK",https://www.jgh.ca/about-us
980031193,The Research Institute of the McGill University Health Centre,Montreal Quebec,,CANADA,FORGN,https://rimuhc.ca/
980077279,Montreal Association for the Blind Foundation,Montreal Quebec,,CANADA,FORGN,https://www.fightingblindness.ca/
980151321,National Theatre School of Canada,Montreal Quebec,,CANADA,FORGN,https://ent-nts.ca/en
980183709,Federation Cja,Montreal Quebec,,CANADA,FORGN,https://www.federationcja.org/en
980465529,Sir Mortimer B Davis Jewish General Hospital Foundation,Montreal Quebec,,CANADA,FORGN,https://www.jgh.ca/about-us
981596753,Presbyterian College Montreal,Montreal Quebec,,CANADA,FORGN,https://presbyteriancollege.ca/
981735754,Pathy Family Foundation,Montreal Quebec,,CANADA,"FORGN,PF",https://pathyfoundation.ca/
986001153,Royal Institution for the Advancement of Learning-Mcgill Uni,Montreal Quebec,,CANADA,FORGN,https://www.thecanadianencyclopedia.ca/en
986001162,Sir Mortimer B Davis Jewish General Hospital,Montreal Quebec,,CANADA,FORGN,https://www.jgh.ca/about-us
521580447,African Economic Research Consortium Inc.,Nairobi,,KENYA,FORGN,https://aercafrica.org/
521953157,International Livestock Research Institute,Nairobi,,KENYA,FORGN,https://www.ilri.org/
800948823,Partnership for Economic Policy Inc.,Nairobi,,KENYA,FORGN,https://www.pep-net.org/
820661387,Zephaniah Owidi Odongo Memorial Foundation Inc.,Nairobi,,KENYA,FORGN,https://zoomemorialfoundation.org/
900698745,Partnership for African Social and Governance Research Inc.,Nairobi,,KENYA,FORGN,https://www.pasgr.org/
261291618,Tyndale Association for Christian Education,North York Ontariom,,CANADA,FORGN,https://www.tyndale.ca/
980405326,Toronto Farsi School,North York Ontariom,,CANADA,FORGN,https://torontofarsischool.com/
981263645,University of Ontario Institute of Technology,Oshawa On,,CANADA,FORGN,https://ontariotechu.ca/
981519260,Lessons for Living Ministries,Oshawa On,,CANADA,FORGN,http://l4ltv.com/
010674736,Us-Japan Relationship Fund Inc.,Other ,,JAPAN,FORGN,https://us-jf.org/ja
020327710,Rindge Firefighters Association,Other ,,AFGHANISTAN,FORGN,https://rindgefire.org/
030424472,Kingdom Harvest Ministries International,Other ,,CANADA,FORGN,https://khmi.org/
030474336,Think Tank Romania Inc.,Other ,,ROMANIA,FORGN,https://rethinkromania.ro/en
043328623,Triglav Circle,Other ,,FRANCE,FORGN,https://triglavcircleonline.org/
043778039,Macedonia Community Action Project,Other ,,ARMENIA,FORGN,https://sca.am/en
060706038,Bermuda Institute of Ocean Sciences Bios Inc.,Other ,,BERMUDA,FORGN,https://bios.asu.edu/
061497455,Hodgman Family Foundation Tr,Other ,,SWITZERLAND,"FORGN,PF",https://fconline.foundationcenter.org/fdo-grantmaker-profile
112518719,Lennie Tristano Jazz Foundation Inc.,Other ,,FRANCE,FORGN,https://jazzinfo.org/artist
116030604,Worlds Womans Christian Temperance Union,Other ,,NORWAY,FORGN,https://www.hviteband.no/Om%20oss
116605083,Kingjay Foundation Trust,Other ,,ISRAEL,"FORGN,PF",https://fconline.foundationcenter.org/fdo-grantmaker-profile
133537034,Stuttgart Veterans of Foreign Wars Post 10810,Other ,,GERMANY,"EO,FORGN",https://vfw10810.org/
133582797,American Friends of Kryat Melech,Other ,,ISRAEL,FORGN,https://www.leket.org/en
133793639,Plural Arts International Inc.,Other ,,GERMANY,FORGN,http://pluralarts.de/
133810233,Martin and Mirash Ivanaj Foundation,Other ,,ALBANIA,FORGN,https://ivanaj-foundations.org/
134164140,International Financial Reporting Standards Foundation,Other ,,UNITED KINGDOM,FORGN,https://www.ifrs.org/
137030069,Lewart Fam Charitable Tr,Other ,,ISRAEL,"FORGN,PF",https://www.instrumentl.com/990-report
141980939,Eagle Eye Evangelistic Enterprises Inc.,Other ,,COSTA RICA,FORGN,https://www.eeeeinc.com/leadership
161701355,Resonance Project Foundation,Other ,,FRANCE,FORGN,https://www.resonance-project.eu/welcome
200105601,Jerusalem Institute for Market Studies Inc.,Other ,,ISRAEL,FORGN,https://onthinktanks.org/think-tank
201008111,Snider Cemetery Association,Other ,,AFGHANISTAN,"EO,FORGN",https://www.chamberofcommerce.com/united-states
201430313,American Friends of the Franco American Institute Inc.,Other ,,FRANCE,"FORGN,SOUNK",https://fr.usembassy.gov/services
201453701,Green Youth Wrestling Club Inc.,Other ,,AFGHANISTAN,FORGN,https://www.leaguelineup.com/welcome.asp
201554230,Courtland Town Association,Other ,,AFGHANISTAN,FORGN,https://courtlandtown.org/
201567510,Robinson and Page Family Scholar- ship Foundation,Other ,,UNITED KINGDOM,"FORGN,PF",https://fconline.foundationcenter.org/fdo-grantmaker-profile
201851576,Pulaski Wresting Booster Club Inc.,Other ,,AFGHANISTAN,FORGN,https://www.nonprofitinfomart.org/organization
202032957,Old Road Fund Inc.,Other ,,ANTIGUA & BARBUDA,FORGN,https://curtainbluff.com/
202866021,Society for Neuroeconomics Inc.,Other ,,CANADA,FORGN,https://neuroeconomics.org/
203193115,American Friends of Uhn Inc.,Other ,,CANADA,FORGN,https://uhnfoundation.ca/who-we-are
203317540,International School Psychology Association Inc.,Other ,,CYPRUS,FORGN,https://ispaweb.org/
203835742,Arizona Shooting Sports Education Foundation,Other ,,CAMEROON,FORGN,https://az.usayess.org/
204416398,Hadden Family Foundation,Other ,,CANADA,"FORGN,PF",https://tfss.ca/2016
205228905,Hall County Quilters Guild Inc.,Other ,,THE GAMBIA,FORGN,https://hallcountyquiltguild.com/
205478637,Bobs and Crow Lakes Foundation,Other ,,CANADA,FORGN,https://bobsandcrowlakes.ca/about-us
205537750,Acc Keene Farm Inc.,Other ,,CANADA,"FORGN,SOUNK",https://alpineclubmontreal.ca/hut-and-camping
208092666,Fr Joseph Klaus Association to Benefit Koc Council 8759 Inc.,Other ,,NEW CALEDONIA,FORGN,https://nonprofitlocator.org/organizations
208394751,Challengeaid Foundation,Other ,,UNITED KINGDOM,FORGN,https://www.challengeaid.org/
208519039,The US Sheridan College Foundation Inc.,Other ,,CANADA,FORGN,https://www.sheridancollege.ca/
222514884,Institute for Research in Classical Philosophy and Science Inc.,Other ,,CANADA,FORGN,https://ircps.org/
233019085,Society for Economic Design,Other ,,AUSTRALIA,FORGN,https://sites.google.com/site
237069575,University of Saskatchewan,Other ,,CANADA,FORGN,https://www.usask.ca/
237169963,Bridge Street United Church,Other ,,CANADA,FORGN,http://www.bridgestreetchurch.com/
237213057,Port Williams United Baptist Community Church,Other ,,CANADA,FORGN,https://www.pwubc.org/
237214286,St. Pauls Angelican Church,Other ,,CANADA,FORGN,https://stpaulshalifax.org/
237225998,Synod of the Diocese of Niagara,Other ,,CANADA,FORGN,https://niagaraanglican.ca/synod
237253795,Bishops University Foundation,Other ,,CANADA,"FORGN,SOUNK",https://www.ubishops.ca/alumni-relations-and-philanthropy-office
237259907,Esk-Omi Mission Inc.,Other ,,CANADA,FORGN,https://www.canadahelps.org/en
237282029,Half Moon Bay Foundation,Other ,,CANADA,FORGN,https://www.canadahelps.org/en
237320162,Saint Vincents Home,Other ,,MEXICO,FORGN,https://cuddly.com/shelter
237327231,Evangelical Lutheran Church of Canada,Other ,,CANADA,FORGN,https://elcic.ca/
251501364,Flying Medical Service Inc.,Other ,,EAST AFRICA,FORGN,https://flyingmedicalservice.org/
260497773,Winnipeg Foundation USA,Other ,,CANADA,"FORGN,SOUNK",https://www.wpgfdn.org/
262308632,International Theosophy Conferences Inc.,Other ,,NETHERLANDS,FORGN,https://www.theosophyconferences.org/
262633300,Bavubuka Foundation,Other ,,CANADA,FORGN,https://bavubuka.org/
262768195,Omnilogy Inc.,Other ,,PHILIPPINES,FORGN,https://www.idealist.org/en
262928247,Colorectal Cancer Association of America,Other ,,CANADA,FORGN,https://www.colorectalcancercanada.com/
263131390,San Joaqin Valley Water Leadership Forum,Other ,,AFGHANISTAN,FORGN,https://nonprofitlocator.org/organizations
264070376,Small Arms Survey USA Inc.,Other ,,SWITZERLAND,FORGN,https://www.smallarmssurvey.org/
270206386,United Nations Football Club Inc.,Other ,,CENTRAL AFRICAN REPUBL,FORGN,http://www.unitednationsfc.org/
271389628,Personal Philanthropy,Other ,,GERMANY,FORGN,https://www.stiftungen.org/en
271508704,Limbo Up Foundation Inc.,Other ,,BERMUDA,"FORGN,POF",https://www.royalgazette.com/other
271785415,Sport Changes Life Foundation,Other ,,UNITED KINGDOM,FORGN,https://sportchangeslife.com/
272032896,Avril Lavigne Foundation,Other ,,CANADA,FORGN,https://www.theavrillavignefoundation.org/
274626399,Thomasville North Carolina Memorial Day Parade and Ceremony,Other ,,NEW CALEDONIA,FORGN,https://www.the-dispatch.com/entertainment
275105087,Deacons Hope Rescue,Other ,,AFGHANISTAN,FORGN,https://www.deaconshope.org/
275191021,New Family Worship Center,Other ,,ROMANIA,FORGN,https://newfamilyworshipcenter.org/
300002577,Association of International School in Africa,Other ,,KENYA,FORGN,https://aisa.or.ke/
300050801,Community Foundation of Prince Edward Island,Other ,,CANADA,FORGN,https://www.cfpei.ca/
300078108,Rambam Health Corporation,Other ,,ISRAEL,FORGN,https://www.rambam.org.il/en
300136665,Friends of Hong Kong Charities Inc.,Other ,,HONG KONG,FORGN,https://fohkc.com/
300151282,Shalva Israel Assoc to Relieve the Handicapped Child and Family,Other ,,ISRAEL,FORGN,https://www.shalva.org/
300189203,Amigour Asset Management Ltd.,Other ,,ISRAEL,FORGN,https://www.amigour.co.il/
300193723,Taylor College and Seminary,Other ,,CANADA,FORGN,https://kairos.edu/legacy-partners
300220168,Gary and Lori Neighbor Ministries,Other ,,MEXICO,FORGN,https://abundantlifechapala.com/about
300257635,University of Kings College,Other ,,CANADA,FORGN,https://ukings.ca/
300272740,Frenchtown Civic Organization,Other ,,BRITISH VIRGIN ISLANDS,FORGN,https://www.frenchheritagemuseumvi.org/about-us
300279904,World Green Building Council Inc.,Other ,,CANADA,FORGN,https://worldgbc.org/
300303438,Meso-American Reef Fund,Other ,,GUATEMALA,FORGN,https://marfund.org/en
300346161,Indigenous Pathways,Other ,,CANADA,FORGN,https://sac-isc.gc.ca/eng
300641596,Possibilities International,Other ,,CANADA,FORGN,https://www.canadahelps.org/en
300650351,Twin City Families Inc.,Other ,,CHINA,FORGN,https://www.tcf-china.com/
300886200,International C I C Foundation,Other ,,UNITED KINGDOM,FORGN,https://icicf.org/
311216785,Filipino American Memorial Endowment Fame Inc.,Other ,,PHILIPPINES,FORGN,https://filipino-americanmemorials.org/
311631204,Fundy Community Foundation,Other ,,CANADA,FORGN,https://www.fundycommunityfoundation.ca/
311672361,University of Prince Edward Island Foundation US Inc.,Other ,,CANADA,FORGN,https://www.upei.ca/
311680128,Return to Jesus Christ Ministries,Other ,,CANADA,FORGN,https://www.christforfirstnations.com/missions
311681440,Tim Horton Childrens Foundation Inc.,Other ,,CANADA,FORGN,https://timscamps.com/what-we-do
311681446,Tim Horton Childrens Foundation US Inc.,Other ,,CANADA,"FORGN,SOUNK",https://timscamps.com/
311682468,University of Prince Edward Island,Other ,,CANADA,FORGN,https://www.upei.ca/
311719723,Human Concern International,Other ,,CANADA,FORGN,https://humanconcern.org/
311775386,Helen and Ernest Simmons Environmental Education Fund,Other ,,CANADA,"FORGN,PF",https://greenlearning.ca/blog
311797488,International Foundation for Dharma Nature Time,Other ,,INDONESIA,FORGN,https://studioplesungan.org/undisclosed-territory
311799914,Michael Paul Wein Charitable Foundation Inc.,Other ,,MEXICO,"FORGN,SOUNK",https://www.instrumentl.com/990-report
320201539,Faaopsd,Other ,,PHILIPPINES,FORGN,https://dfa.gov.ph/
320570386,Kuwesa Network Group,Other ,,KENYA,FORGN,https://www.mnys.org/events
320602538,Celtic Fc Foundation Inc.,Other ,,UNITED KINGDOM,FORGN,https://www.celticfc.com/
320669498,Fashion Minority Alliance Incorporated,Other ,,UNITED KINGDOM,FORGN,https://www.fashionminorityalliance.com/
320724063,0g2030,Other ,,MONACO,FORGN,https://0g2030.org/
330839449,San Bernardino County Sheriff Dept Central Reserve Unit 116,Other ,,AFGHANISTAN,FORGN,https://opengovus.com/tax-exempt
331221293,Aprosam-Usa Inc.,Other ,,THE GAMBIA,"FORGN,PF",https://www.hipaaspace.com/ein
352607002,Hope for Burkina Futures Inc.,Other ,,BURKINA FASO,FORGN,https://hopeforbf.org/
352619387,International Nexus Institute Inc.,Other ,,NETHERLANDS,FORGN,https://nexusinstitute.net/
352651768,Seed Systems Group Inc.,Other ,,KENYA,FORGN,https://seedsystemsgroup.org/
352725269,Science for Africa Foundation Sfa,Other ,,KENYA,FORGN,http://scienceforafrica.foundation/
363231575,International Society for Dermatologic Surgery,Other ,,GERMANY,FORGN,https://isdsworld.com/
363387030,Westside Small Business Development Corporation,Other ,,AFGHANISTAN,FORGN,https://afghansmallbus.org/
364747146,Odcem Inc.,Other ,,ITALY,FORGN,https://odcem.org/the-odcem-team.html
364867900,Bright Future Education Foundation,Other ,,CHINA,"FORGN,PF",http://www.bfeducation.com/about.html
364891396,Fundacion Providencia USA,Other ,,MEXICO,FORGN,https://providencia.org.mx/
371500159,Petersen Dental Health Foundation,Other ,,PORTUGAL,"FORGN,PF",https://www.instrumentl.com/990-report
371518018,Westerly Band,Other ,,SERBIA,FORGN,https://westerlyband.org/
371832493,Perfect World Foundation Inc.,Other ,,SWEDEN,FORGN,https://theperfectworld.com/
371949603,Friends of Nassau Rowing Club Inc.,Other ,,THE BAHAMAS,FORGN,https://www.nassaurowingclub.com/
371965551,Friends of the Global Alliance of Ngos for Road Safety Inc.,Other ,,DENMARK,FORGN,http://www.roadsafetyngos.org/
371997271,Anne Innis Dagg Foundation Inc.,Other ,,CANADA,FORGN,https://anneinnisdaggfoundation.org/
372039212,International Templar Academy Foundation,Other ,,ITALY,"FORGN,PF",https://itaf.academy/
372153441,J D Irving Companies US Foundation Inc.,Other ,,CANADA,"FORGN,PF",https://www.jdirving.com/en
383291259,Terralingua,Other ,,CANADA,FORGN,https://terralingua.org/
383494291,Rukibai & Rijhumal Foundation,Other ,,INDIA,"FORGN,PF",https://fconline.foundationcenter.org/fdo-grantmaker-profile
383938349,Friends of Bermuda Community Foundation,Other ,,BERMUDA,FORGN,https://bermudafoundation.org/ux-tax-payers
384093041,Webale Inc.,Other ,,UGANDA,FORGN,http://webale.org/
384226728,Pfs Network Incorporated,Other ,,AUSTRALIA,FORGN,https://www.healthdirect.gov.au/australian-health-services
384233531,Fideicomiso Earth Foundation,Other ,,COSTA RICA,"FORGN,SO",https://www.earth.ac.cr/home
391834833,International Assoc for Scientific Study of Intellectual Disabilities,Other ,,AUSTRALIA,FORGN,https://iassidd.org/
412228451,Historic Dance Theater Foundation,Other ,,UNITED KINGDOM,FORGN,https://historicaldancechoreographers.com/
421073614,Studio Arts College International Inc.,Other ,,ITALY,FORGN,https://saci-florence.edu/
421540872,Christian Family Fellowship Foundation,Other ,,NIGERIA,FORGN,https://www.chrifacaf.org/
431941428,Fusion Ministries Inc.,Other ,,NORWAY,FORGN,https://www.fusionmovement.org/norway
431996058,Pacific Salmon Conservation Foundation,Other ,,CANADA,FORGN,https://psf.ca/
451769381,2237 Ministries,Other ,,SWEDEN,FORGN,https://www.government.se/contacts
452715445,Virtual Magellan Inc.,Other ,,MEXICO,FORGN,https://www.virtualmagellan.com/
453149641,Cleaner and Greener Endless Mountains Pa Inc.,Other ,,AFGHANISTAN,FORGN,https://www.cleanergreener.org/
453588477,Elife Sciences Publications Ltd.,Other ,,UNITED KINGDOM,FORGN,https://elifesciences.org/
454520090,Heavenly Grace Gospel Word Network,Other ,,AFGHANISTAN,FORGN,http://hggwnministries.org/
454805585,New Generation Ministry of the Apostolic Faith Inc.,Other ,,ARMENIA,FORGN,https://ngngo.net/en
455129655,Magic City Bicycle Collective,Other ,,NETHERLANDS,FORGN,https://www.miamiherald.com/news
455214465,Jericho7 Arnaud Projects Inc.,Other ,,HAITI,FORGN,https://jericho7arnaudprojec.wixsite.com/japi
455440099,Shamrock Fund of the Jack and Jill Childrens Foundation,Other ,,IRELAND,FORGN,https://www.jackandjill.ie/
460524899,Manchester Business School America Inc.,Other ,,UNITED KINGDOM,FORGN,https://www.alliancembs.manchester.ac.uk/
460525632,Garcia Family Foundation US,Other ,,UNITED KINGDOM,"FORGN,PF",https://garciafamilyfoundation.org/
460840870,New Covenant Temple Cultural Community Center,Other ,,AFGHANISTAN,FORGN,http://www.nct-ccc.com/index.html
460931830,Sopar - Bala Vikasa Society USA,Other ,,CANADA,FORGN,https://sopar.ca/
460948408,Building Baja S Future,Other ,,MEXICO,FORGN,https://buildingbajasfuture.org/en
461395444,Imaginenations Church USA Inc.,Other ,,AUSTRALIA,FORGN,https://inchurch.com.au/about
461423587,Unique Destiny,Other ,,AFGHANISTAN,FORGN,https://eintaxid.com/company
461477159,Keren Ora Bagalil,Other ,,ISRAEL,FORGN,https://www.keren-or.org/
461793043,Teachers of the Nations,Other ,,SOUTH AFRICA,FORGN,https://www.changetheworldeducategirls.co.za/
461835893,Friends of McDermott House Canada Inc.,Other ,,CANADA,FORGN,https://mcdermotthousecanada.org/
462728247,Consortium for Women Leaders in Public Service,Other ,,PERU,FORGN,https://cwlps.org/
463009006,Healthcare Innovation Transfer,Other ,,NETHERLANDS,FORGN,https://www.healthinnovation.nl/
463137490,Nightingale Opera Theatre,Other ,,AUSTRALIA,FORGN,https://www.nightingaleperformingartsau.com/events
463841478,Red Star United Caribbean Center Inc.,Other ,,HAITI,FORGN,https://bisprofiles.com/fl
464203553,Triad Woodcarvers,Other ,,NEW CALEDONIA,FORGN,https://www.triadwoodcarvers.com/
464820643,Core Nigeria Inc.,Other ,,AFGHANISTAN,FORGN,https://core-af.org/
465173508,Haitelmex Foundation Inc.,Other ,,MEXICO,FORGN,https://www.fondationhaitelmex.org/
467176935,Pizar Foundation,Other ,,CANADA,"FORGN,PF",https://my.charitableimpact.com/charities
470677877,International Chapel Ministries,Other ,,JAPAN,FORGN,https://www.nc4.org/project
470738786,Maxwell Public School Scholarship Foundation,Other ,,AFGHANISTAN,FORGN,https://scholarships.af/
471134584,Chanel Family Foundation,Other ,,PORTUGAL,"FORGN,PF",https://www.chanel.com/us
471325326,Idc Inc. Americas,Other ,,AUSTRALIA,FORGN,https://www.idc.com/
471756899,Center for Spiritual Care and Pastoral Formation,Other ,,AFGHANISTAN,FORGN,https://www.cscpf.org/
471845352,Breizh Amerika,Other ,,FRANCE,FORGN,https://www.breizh-amerika.com/
472053956,Women Without Roofs,Other ,,UNITED KINGDOM,FORGN,https://wwrnepal.wordpress.com/about-us
472259640,Pharmacists Preventing Suicides,Other ,,AFGHANISTAN,FORGN,https://pmc.ncbi.nlm.nih.gov/articles
472497188,The Jonathan Toews Foundation,Other ,,CANADA,"FORGN,PF",https://www.canadahelps.org/en
473057366,Jamaica Christian Services USA Inc.,Other ,,JAMAICA,FORGN,https://www.jbseminary.com/index.html
474050443,Opportunity Transforming Lives,Other ,,AFGHANISTAN,FORGN,https://www.passage.com/afghan-program
474192714,Laying Foundation Life Center,Other ,,GEORGIA,FORGN,https://www.georgiacompanyregistry.com/companies
474634249,Uganda Essomero Chicago,Other ,,UGANDA,FORGN,https://www.ugandaessomero.com/
474696882,Fbcd United Appeal Fund Inc.,Other ,,ALBANIA,FORGN,https://www.instrumentl.com/990-report
474856091,Mbone International,Other ,,CAMEROON,FORGN,https://mboneinternational.com/
475182079,Bentley Academy Charter School PTA,Other ,,AFGHANISTAN,FORGN,https://bentleyacademyptadotorg.wordpress.com/2015
475350413,San Joaquin County Fallen Peace Officer Foundation,Other ,,CANADA,FORGN,https://www.sjcfallenfoundation.org/
481066294,Midamerica-Weary Scholarship Foundation Inc.,Other ,,AFGHANISTAN,FORGN,https://www.themidamericashow.com/weary
481207050,Second Chance Homeless Pet Society,Other ,,AFGHANISTAN,FORGN,https://www.petfinder.com/member
510262624,American Friends of the Natl Museum of Bermuda Inc.,Other ,,BERMUDA,FORGN,https://afnmb.org/
521128190,National Shellfisheries Association,Other ,,CANADA,FORGN,https://www.shellfish.org/
521182681,Lakefield College School Foundation American Inc.,Other ,,CANADA,"FORGN,PF",https://www.lcs.on.ca/support-lcs
521325040,Friends of Wilfrid Laurier University Inc.,Other ,,CANADA,FORGN,https://www.wlu.ca/
521685933,American Chamber Foundation Philippines Inc.,Other ,,PHILIPPINES,FORGN,https://amchamphilippines.com/
521892140,Society for Insulin-Like Growth Factor Research Inc.,Other ,,IRELAND,FORGN,https://igf-society.org/about-us
521945379,Fondo Mexicano Para La Conservacion De La Naturaleza Ac,Other ,,MEXICO,FORGN,https://fmcn.org/
541574776,Tdc Research Foundation,Other ,,CANADA,"FORGN,PF",https://tdcf.ca/en
550873927,Hope Waddell Old Students Association North America,Other ,,NIGERIA,FORGN,https://dailytrust.com/119-exciting-years-of-hope-waddell
561978798,Organization of Christian Ministries Inc.,Other ,,KENYA,FORGN,http://www.ocmministries.org/
562162135,Tri Beach Cruisers Inc.,Other ,,NEW CALEDONIA,FORGN,https://www.tribeachcruisers.com/
562453653,International Council on Womens Health Issues,Other ,,AUSTRALIA,FORGN,https://icowhi.org/
570694390,Jesus Saves Mission USA Inc.,Other ,,SINGAPORE,FORGN,https://jsm-sg.com/
570971160,Christian Contractors Association Inc.,Other ,,ANDORRA,FORGN,https://www.christiancontractorsassociation.com/
582025963,Scouts on Stamps Society International Inc.,Other ,,CANADA,FORGN,https://sossi.org/index.shtml
582270305,Spirit of Truth Disciplining Ministries Inc.,Other ,,AFGHANISTAN,FORGN,https://www.georgiacompanyregistry.com/companies
611474441,Concerned Women Inc.,Other ,,GEORGIA,FORGN,https://concernedwomeninc.com/home.html
611559485,Dreams Do Come True Community Empowerment Center Inc.,Other ,,UNITED KINGDOM,FORGN,https://eintaxid.com/company
611600780,World Childrens Prize for the Rights of the Child USA,Other ,,SWEDEN,FORGN,https://worldschildrensprize.org/
611889562,Villages of Hope Africa Society,Other ,,CANADA,FORGN,https://vohafrica.com/
611988490,Kinvest Impact Foundation,Other ,,CANADA,FORGN,https://kinvestimpact.com/
611991705,Top 10 Foundation Inc.,Other ,,DOMINICAN REPUBLIC,FORGN,https://top10foundation.com/index-en.html
650524235,Arise & Shine Evangelistic Association Inc.,Other ,,SOUTH AFRICA,FORGN,https://arise-shine.org/our-ministries
651257126,Praisegate International Ministries,Other ,,SWEDEN,FORGN,https://www.praisegate.com/about.php
660555246,We From Upstreet Inc.,Other ,,BRITISH VIRGIN ISLANDS,FORGN,https://stthomassource.com/content
660581471,St. John Historical Society Inc.,Other ,,BRITISH VIRGIN ISLANDS,FORGN,https://stjohnhistoricalsociety.org/
660627809,Virgin Islands Judo Federation,Other ,,BRITISH VIRGIN ISLANDS,FORGN,https://www.virginislandsolympics.org/team
660669513,Crusaders Fraternity Inc.,Other ,,BRITISH VIRGIN ISLANDS,FORGN,https://www.cybo.com/VI-biz
660671488,Micronesian Shark Foundation,Other ,,PORTUGAL,FORGN,http://msfpalau.org/
660775068,General Council of the Assemblies of God in American Samoa,Other ,,AMERICAN SAMOA,FORGN,https://assembliesofgodinsamoa.org/
660789403,Academia Medica Del Sur - Fondo Educacion Medica Continuada Inc.,Other ,,PUERTO RICO,"FORGN,POF",https://www.academiamedicadelsur.com/
660837144,Guam Meditation Inc.,Other ,,GUAM,FORGN,https://gbhwc.guam.gov/mindfulness
660883778,Virgin Islands Good Food Coalition,Other ,,VIRGIN ISLANDS US,FORGN,https://www.goodfoodvi.org/
660886172,Continuing Medical Institute Inc.,Other ,,BRITISH VIRGIN ISLANDS,FORGN,https://viqio.org/
660906428,Assembly of God Guam General Council,Other ,,GUAM,FORGN,https://ag.org/en
660932407,Fondo Becas Estudiantiles Inc.,Other ,,CANADA,FORGN,https://www.educanada.ca/scholarships-bourses
660933288,Rio De Vida Internacional,Other ,,PUERTO RICO,FORGN,https://rcp.estado.pr.gov/en
660950342,Cruzan Dance Company Incorporated,Other ,,BRITISH VIRGIN ISLANDS,FORGN,https://coldwellbankervi.com/2023
660964212,T-Project,Other ,,MAURITIUS,FORGN,https://www.telecom.mu/our-company
660997395,Pentecostal Missionary Church of Christ 4th Watch,Other ,,GUAM,FORGN,https://pmcc4thwatch.org/
661014632,Nirvana Health Foundation Group,Other ,,PUERTO RICO,FORGN,https://www.nirvanahealth.com/
661026222,Omega Psi Phi Fraternity Inc. Eta Iota Iota Chapter,Other ,,BRITISH VIRGIN ISLANDS,FORGN,https://hii.clubexpress.com/
661030323,Engineers Without Borders Pr,Other ,,PUERTO RICO,FORGN,https://ewbuwpuertorico.weebly.com/
661033592,Eternity Life Residence Corporation,Other ,,PUERTO RICO,"FORGN,PF",https://rcp.estado.pr.gov/en
661053093,Centro Cristiano Faro De Esperanza,Other ,,PUERTO RICO,FORGN,https://www.ccfarodeesperanza.com/nuestro-pastor
661055967,Animalis Foundation Llc,Other ,,PUERTO RICO,FORGN,https://rcp.estado.pr.gov/en
661060285,Juventud Unida Por La Necesidad Transformacion Y Equidad Social in,Other ,,PUERTO RICO,FORGN,https://www.bizapedia.com/pr
661063611,Jed Educational Health Support Group,Other ,,PUERTO RICO,FORGN,https://jedfoundation.org/
661065612,People Who Smile Corporation,Other ,,PUERTO RICO,"FORGN,POF",https://opencorporates.com/companies
661067423,Miracles Now Foundation Group Inc.,Other ,,PUERTO RICO,FORGN,https://rcp.estado.pr.gov/en
661067425,The Good News Foundation Group Inc.,Other ,,PUERTO RICO,FORGN,https://www.thegnfoundation.org/post
661067435,Centro Comunitario De Integracion Familiar Inc.,Other ,,PUERTO RICO,FORGN,https://www.aspripr.org/programas
661071673,Proyecto Restauracion Familiar Inc.,Other ,,PUERTO RICO,FORGN,https://www.addiction-programs.net/directory
661071676,Phes Browsing Foundation Inc.,Other ,,PUERTO RICO,FORGN,https://rcp.estado.pr.gov/en
661076284,Fundacion Para La Restauracion Jesus Es El Camino Inc.,Other ,,PUERTO RICO,FORGN,https://opencorporates.com/companies
661076910,Undercover Leadership Inc.,Other ,,BARCELONETA,FORGN,https://opencorporates.com/companies
661080769,Bizops Foundation Corp,Other ,,PUERTO RICO,FORGN,https://rcp.estado.pr.gov/en
680517066,Western States Chapter 10 173d Airborne Brigade Association,Other ,,CANADA,"EO,FORGN",https://www.skysoldier.net/
721571034,Congregation Hamerkaz Inc.,Other ,,ISRAEL,FORGN,https://nefeshhatalmid.com/donate
731068830,New Chaucer Society,Other ,,ICELAND,FORGN,https://newchaucersociety.org/
742969176,Grateful Paws,Other ,,AFGHANISTAN,FORGN,https://www.kabulsmallanimalrescue.com/
752657265,Without Walls Church of Fort Worth Inc.,Other ,,CANADA,FORGN,https://church-without-walls.ca/
753014680,Keg Spirit Foundation,Other ,,CANADA,"FORGN,PF",https://thekeg.com/en
753097144,Delta Environmental & Education Foundation,Other ,,CHINA,"FORGN,PF",https://www.deefund.org/
753255585,International Society for the Psychological Treatments of the,Other ,,GREECE,FORGN,https://isps.org/
770671951,A Gathering of Eagles Inc.,Other ,,GEORGIA,FORGN,https://ecorp.sos.ga.gov/BusinessSearch
770680341,Finish Line Focused Ministries Inc.,Other ,,GEORGIA,FORGN,https://nonprofitlocator.org/organizations
800437397,Restoration Hall Inc.,Other ,,ALBANIA,FORGN,https://rh.com/us
800461717,Scott L Hull Memorial Fund,Other ,,AFGHANISTAN,FORGN,https://www.gofundme.com/s
800506012,Youth Challenge America Inc.,Other ,,CANADA,FORGN,https://www.canadayouthchallenge.com/
810877801,Queens Road Foundation Inc.,Other ,,HONG KONG,"FORGN,PF",https://www.instrumentl.com/990-report
810992433,Exalted Ministries Inc.,Other ,,GUINEA-BISSAU,FORGN,https://eintaxid.com/company
811663061,Life Beyond Re-Entry,Other ,,AFGHANISTAN,FORGN,https://playlifebeyond.com/
811664389,Monkey Farm Inc.,Other ,,COSTA RICA,FORGN,https://www.themonkeyfarm.org/
812411925,Law Help Center Inc.,Other ,,AFGHANISTAN,FORGN,https://help.unhcr.org/afghanistan
812870019,Robin Li & Melissa Ma Foundation,Other ,,CHINA,"FORGN,PF",https://newsen.pku.edu.cn/news_events
813862980,Woodland Creek at Mrc the Crossings Residents Association,Other ,,TURKMENISTAN,FORGN,https://www.tx-hoa.net/txhoa_list.php
814087832,You and US for Mantas Children Inc.,Other ,,ECUADOR,FORGN,https://www.youandusformantaschildren.org/
814479722,Africa Leads,Other ,,SENEGAL,FORGN,https://www.africaleadftf.org/
814523817,International Union Educational League Inc.,Other ,,MEXICO,FORGN,https://www.ei-ie.org/
814536840,Cdh Education Inc.,Other ,,AFGHANISTAN,FORGN,https://www.cdheducationinc.org/
814672036,National Resource Specialists Organization Inc.,Other ,,GEORGIA,FORGN,https://georgia.gov/state-organizations
814673583,Heirborn Servants Inc.,Other ,,ALBANIA,FORGN,https://www.heirbornservants.com/
814738595,General Service Districts 12 and 13,Other ,,AFGHANISTAN,FORGN,https://moi.gov.af/en
815176166,Lc Paws Inc.,Other ,,THE GAMBIA,FORGN,https://bestfriends.org/partners
821150972,Parkings Under Green,Other ,,CHINA,FORGN,https://www.parking-mobility.org/news
821413746,In Community Inc.,Other ,,UGANDA,FORGN,https://www.incommunity501c.org/
821610143,African Public Health Organization,Other ,,CAMEROON,FORGN,https://www.afro.who.int/
821660573,Meorot Hachesed Inc.,Other ,,ISRAEL,FORGN,https://gomeorot.com/
821766805,Benevolent Community Health Services and Womens Social Club Co,Other ,,CAMEROON,FORGN,https://cmwabamenda.org/
821934687,Nancy Foundation Tanzania Corp,Other ,,TANZANIA,FORGN,https://www.nancyfoundationtanzaniacorp.com/
822363394,Suubi Community Development Organization Inc.,Other ,,UGANDA,FORGN,https://scpuganda.org/
822677773,Shepower Leadership Academy,Other ,,PAKISTAN,FORGN,https://www.shepoweracademy.org/
822786138,Spc Arsenio Ugalde II Memorial Scholarship,Other ,,AFGHANISTAN,FORGN,https://www.datanyze.com/companies
823264994,Jabez Projects Inc.,Other ,,GHANA,FORGN,https://jabezprojects.org/
823269347,Junior Husky Basketball Club Inc.,Other ,,AFGHANISTAN,FORGN,https://www.allbiz.com/business
823414992,Kings Singers Global Foundation,Other ,,CANADA,FORGN,https://www.kingssingers.com/about
824031969,Rejenga,Other ,,AFGHANISTAN,FORGN,https://www.rejenga.org/
824215683,USA Minderoo Inc.,Other ,,AUSTRALIA,FORGN,https://www.minderoo.org/
824289616,Loud Cry Media,Other ,,CANADA,FORGN,https://loudcrymedia.com/
830464319,Foundation of Integrated Development Inc.,Other ,,DEM REP OF CONGO,FORGN,https://emilioincongo.com/2022
830653322,Bibevski Foundation,Other ,,MACEDONIA,FORGN,https://bibevskifoundation.org/
831085145,Pss-College Bound,Other ,,CAMEROON,FORGN,https://www.pss-collegebound.org/
831209740,Beautiful Closet Incorporated,Other ,,GEORGIA,FORGN,https://start.cortera.com/company
831375177,Spirit of Wellness,Other ,,ECUADOR,FORGN,https://spiritofwellness.org/
831654968,Friends of Cross Lake,Other ,,AFGHANISTAN,FORGN,https://www.friendsofcrosslake.org/
831916182,VFW District III Europe,Other ,,GERMANY,FORGN,https://www.vfw.org/media-and-events
832495697,Frg Ministry International Inc.,Other ,,AUSTRALIA,FORGN,https://www.iconministry.com/
832756405,Kinyan Fund Inc.,Other ,,ISRAEL,FORGN,https://www.instrumentl.com/990-report
832957488,Virgin Bride of Christ Ministries Inc.,Other ,,GEORGIA,FORGN,https://eintaxid.com/company
833637221,Pine Hills Partnership,Other ,,AFGHANISTAN,FORGN,https://www.state.gov/office-of-global-partnerships-partnerships-for-afghan-response
842470675,Roy & Mamie Elliott Foundation,Other ,,AFGHANISTAN,FORGN,https://www.scribd.com/document
842932410,Harlingen Cardinal Youth Sports,Other ,,CAMEROON,FORGN,https://www.harlingenyouthsports.com/
843015400,Omalley Family Charitable Foundation,Other ,,TAIWAN,"FORGN,PF",https://opengovus.com/tax-exempt
843794050,New Mexico Association of Emergency Management Professionals,Other ,,AFGHANISTAN,FORGN,https://nmaemp.org/
843948782,Togive Foundation,Other ,,INDIA,FORGN,https://www.giveindia.org/
844574620,Psi Kyiv Inc.,Other ,,UKRAINE,FORGN,https://enrol.psi.kyiv.ua/
845170733,Foundation for St. Elmo Grillerz,Other ,,TONGA,FORGN,https://fconline.foundationcenter.org/fdo-grantmaker-profile
850954995,Indeed Community Solutions of Mississippi,Other ,,AFGHANISTAN,FORGN,https://www.indeed.com/
851010744,Ujima Tribe,Other ,,GEORGIA,FORGN,https://ujimatribe.net/
852573367,Free Korean Dogs US,Other ,,CANADA,FORGN,https://www.freekoreandogs.org/
852773301,Road Dawg Animal Rescue Transport Inc.,Other ,,AFGHANISTAN,FORGN,https://www.rdart.org/
853201212,Love Does Project,Other ,,USA,FORGN,https://lovedoes.org/
853440823,Macon Head Space,Other ,,GEORGIA,FORGN,http://www.maconheadspace.org/contact
853548216,Coping Place Foundation Inc.,Other ,,GEORGIA,FORGN,https://copingplace.org/
853749659,Peace of Mind Community Center,Other ,,GEORGIA,FORGN,https://peaceofmindcommunitycenter.org/pages
853794803,Underground Family Foundation,Other ,,ISRAEL,"FORGN,PF",https://fconline.foundationcenter.org/fdo-grantmaker-profile
861463003,Astoundiayef,Other ,,SENEGAL,FORGN,https://www.astoundiayefoundation.org/
861992712,Mordecai Projet International,Other ,,AFGHANISTAN,FORGN,https://themordecaiproject.org/
862161127,Team Hq,Other ,,AFGHANISTAN,FORGN,https://www.history.uscg.mil/US-Coast-Guard-Photo-Gallery
862179840,Peach Charitable Foundation,Other ,,UNITED KINGDOM,"FORGN,PF",https://www.peachfoundation.org/
862930481,Teferra Mekonnen Foundation,Other ,,PORTUGAL,FORGN,https://chasethedreamculture.com/who-we-are
863289672,Rlc Partyers Inc.,Other ,,CANADA,FORGN,https://rlcpartyers.com/
863357469,Jolan Primary Academy,Other ,,UGANDA,FORGN,https://www.education.go.ug/
863438854,Rescue United Foundation,Other ,,SPAIN,FORGN,https://rescueunited.org/
863475015,Forming Sustainable Development Foundation Inc.,Other ,,UNITED KINGDOM,FORGN,https://www.formingsustainabledevelopment.org/
863703405,Karens Clothing Kloset Ministry,Other ,,GEORGIA,FORGN,https://karenskloset.com/
863925338,Lake City Heat,Other ,,AFGHANISTAN,FORGN,https://lakecityheattreating.com/
870747029,Operationmad Inc.,Other ,,ALBANIA,FORGN,http://operationmad.org/
871078954,One West Florissant Community Development Corporation,Other ,,AFGHANISTAN,FORGN,https://opencorporates.com/companies
871285677,Camperships4kids,Other ,,GEORGIA,FORGN,https://georgia4h.org/
871865164,American Vocational Academy Foundation Inc.,Other ,,AFGHANISTAN,FORGN,https://avafoundationinc.org/
872369498,Hope House for Veterans Inc.,Other ,,GUINEA-BISSAU,FORGN,https://www.benefits.va.gov/DesMoines
872465986,Cambodia Projects Fund,Other ,,CAMBODIA,FORGN,https://ppp.mef.gov.kh/project-development-facility
872472170,Total Greatness International Foundation,Other ,,ZIMBABWE,FORGN,https://totalgreatnessint.org/
872480000,J R O Foundation,Other ,,NIGERIA,FORGN,https://www.withinnigeria.com/piece
872691078,Friends of La Ruta Del Clima Inc.,Other ,,COSTA RICA,FORGN,https://larutadelclima.org/
873518599,Animal Freedom Inc.,Other ,,UNITED KINGDOM,FORGN,https://www.animal-freedom.org/
873655879,Pine Grove Area Pathway,Other ,,PARAGUAY,FORGN,https://www.pinegroveareapathway.com/
874730809,Sasf-Newmind Inc.,Other ,,GEORGIA,FORGN,https://www.sasfonline.com/
880533838,Jett-Jetts Legacy,Other ,,AFGHANISTAN,FORGN,https://jett-jetts2ndchancenursery.com/
881936383,Rebels Cash Corp,Other ,,ARMENIA,FORGN,https://www.cba.am/en
882440477,Hope Career Development Center Inc.,Other ,,NIGERIA,FORGN,https://www.hybridcareer.org/
882655878,Bridge Institute US Inc.,Other ,,GABON,FORGN,https://www.bridge-institute.org/about-us
883013790,Tci Aids Awareness Foundation Inc.,Other ,,TURKS AND CAICOS ISLAN,FORGN,https://www.tcaaf.com/
883662476,Sam Stitt Foundation,Other ,,AFGHANISTAN,FORGN,https://samstittfoundation.com/
884142559,Royal T Foundation,Other ,,ALBANIA,FORGN,https://royaltf.org/
900754643,International Centre for the Study of Radicalisation Inc.,Other ,,UNITED KINGDOM,"FORGN,PF",https://icsr.info/
901019732,Pratt Global Foundation Inc.,Other ,,AUSTRALIA,"FORGN,PF",https://www.visy.com/about
911550449,Academy of R V Tucker Study Clubs,Other ,,CANADA,FORGN,https://arvtsc.org/
911621939,Hana Presbyterian Church of Olympia,Other ,,ARUBA,FORGN,http://www.hanapcoly.org/
920388967,Hlscc Foundation Inc.,Other ,,BRITISH VIRGIN ISLANDS,FORGN,https://hlscc.edu.vg/
920451125,Friends of Canadian Centre for Men and Families Inc.,Other ,,CANADA,FORGN,https://menandfamilies.org/
920818975,French Press,Other ,,FRANCE,"FORGN,PF",https://www.afp.com/en
921082427,Chinese Youth Foundation,Other ,,CANADA,FORGN,https://chinadevelopmentbrief.org/ngos
921660429,Thats A Wrap Ministries,Other ,,NETHERLANDS,"FORGN,PF",https://eintaxid.com/company
923322408,Solstice Philanthropic Foundation,Other ,,AFGHANISTAN,FORGN,https://philanthropia.io/nonprofits
923604892,Gkpi New Heart Colorado,Other ,,INDONESIA,FORGN,https://opengovco.com/business
923638038,Vaishnav Sangh Academy,Other ,,AFGHANISTAN,FORGN,https://vaishnavsanghdallas.org/
931256511,World Apostolate of Fatima Portland Archdiocesan Division Inc.,Other ,,AFGHANISTAN,FORGN,https://www.bluearmy.com/divisions
931332969,The Julian A Jackson Foundation Inc.,Other ,,BRITISH VIRGIN ISLANDS,FORGN,https://www.bizapedia.com/vi
931452364,Shark Research Foundation Inc.,Other ,,CANADA,FORGN,https://sharkresearch.org/
931910759,Rock of Hope,Other ,,UGANDA,FORGN,https://rockofhopeug.org/
932649170,Club Rotario De Boquete,Other ,,PANAMA,FORGN,https://sites.google.com/view
932931954,Aspen Network Inc.,Other ,,CANADA,FORGN,https://aspennetworkinc.org/
933216194,Wvu Alumni Gcdc Inc.,Other ,,AFGHANISTAN,FORGN,https://www.alumni.wvu.edu/
934422117,Kauai Portuguese Society,Other ,,AFGHANISTAN,FORGN,https://kauaiportuguesesoc.wixsite.com/kauai-portuguese-soc
934524756,Boys Champions Empowerment Foundation,Other ,,NIGERIA,FORGN,https://www.boyschampions.org/
934649418,Volpini De Maestri- oneill Charitable Foundation,Other ,,AUSTRIA,"FORGN,PF",https://www.vonfoundation.org/
934738221,Live in Victory Outreach Foundation,Other ,,GEORGIA,FORGN,https://livsoberliving.com/
941693715,Walnut Creek Aquabears Swim Team,Other ,,CANADA,FORGN,https://www.gomotionapp.com/team
954745854,Christian Leadership International Inc.,Other ,,ARMENIA,FORGN,https://www.leadershipintl.org/
980000061,American Hospital of Paris,Other ,,FRANCE,FORGN,https://www.american-hospital.org/en
980013358,American Community School of Athens Inc.,Other ,,GREECE,FORGN,https://www.acs.gr/
980031121,Westminster Abbey Limited,Other ,,CANADA,FORGN,https://westminsterabbey.ca/
980033473,Mount Allison University,Other ,,CANADA,FORGN,https://mta.ca/
980038754,Elizabeth Greenshields Foundation,Other ,,CANADA,"FORGN,PF",https://www.elizabethgreenshieldsfoundation.org/
980041019,International Centre for Diarrhoeal Disease Research Bangladesh,Other ,,BANGLADESH,FORGN,https://www.icddrb.org/
980042539,University of Regina,Other ,,CANADA,FORGN,https://www.uregina.ca/
980050118,American Community School of Abu Dhabi,Other ,,UNITED ARAB EMIRATES,FORGN,https://www.acs.sch.ae/
980052780,Brock University,Other ,,CANADA,FORGN,https://brocku.ca/
980061413,University of Waterloo,Other ,,CANADA,FORGN,https://uwaterloo.ca/
980072997,John Cabot University,Other ,,ITALY,FORGN,https://www.johncabot.edu/
980085912,Showa Womens University Inc.,Other ,,JAPAN,FORGN,https://www.swu.ac.jp/en
980098049,Sim Canada,Other ,,CANADA,FORGN,https://www.sim.ca/
980098988,Jesus Final Command Inc.,Other ,,MEXICO,FORGN,https://eintaxid.com/company
980099973,International Institute for Environment and Development,Other ,,UNITED KINGDOM,FORGN,https://www.iied.org/
980108632,Bishops College School Foundation,Other ,,CANADA,"FORGN,SOUNK",https://www.bishopscollegeschool.com/
980111198,Morley & Rita Cohen Foundation,Other ,,CANADA,"FORGN,PF",https://www.canadahelps.org/en
980121066,Barnabas Family Ministries Society,Other ,,CANADA,FORGN,https://www.ccca.org/assnfe
980150395,Foundation for World Evangelism,Other ,,LIECHTENSTEIN,"FORGN,SOUNK",https://fconline.foundationcenter.org/fdo-grantmaker-profile
980156249,Susila Dharma International Assoc Inc.,Other ,,CANADA,FORGN,https://susiladharmacanada.org/
980156718,Jack Jackson Evangelical Ministries Association,Other ,,CANADA,FORGN,https://www.jackjackson.ca/makedonation.aspx
980163869,Toronto Airport Christian Fellowship USA Inc.,Other ,,CANADA,FORGN,https://ctftoronto.com/about
980171203,Babajis Kriya Yoga Order of Acharyas USA Inc.,Other ,,CANADA,FORGN,https://www.babajiskriyayoga.net/english
980175425,Jewish Community of Ottawa Development Foundation,Other ,,CANADA,FORGN,https://www.ojcf.ca/
980210704,Mount Sinai Hospital Foundation,Other ,,CANADA,FORGN,https://www.sinaihealth.ca/foundation
980233371,Haigazian University Inc.,Other ,,LEBANON,FORGN,https://www.haigazian.edu.lb/
980349699,Organix Foundation Inc.,Other ,,CANADA,"FORGN,PF",https://fconline.foundationcenter.org/fdo-grantmaker-profile
980361025,St. Thomas University,Other ,,CANADA,FORGN,https://www.stu.ca/
980367731,Mermaid Theatre of Nova Scotia,Other ,,CANADA,FORGN,https://mermaidtheatre.ca/
980380092,Global Fund to Fight Aids Tuberculosis and Malaria,Other ,,SWITZERLAND,FORGN,https://www.theglobalfund.org/en
980384135,The Temagami Community Foundation,Other ,,CANADA,FORGN,https://www.temagamicommunityfoundation.com/
980407553,Foundation for Innovative New Diagnostics Find,Other ,,SWITZERLAND,FORGN,https://www.finddx.org/
980415977,Friends of Teen Ranch Foundation Inc.,Other ,,CANADA,FORGN,https://teenranch.com/families
980420608,George R Gardiner Museum of Ceramic Art-Us,Other ,,CANADA,"FORGN,SOUNK",https://www.gardinermuseum.on.ca/
980432039,Documentation Center of Cambodia,Other ,,CAMBODIA,FORGN,http://www.dccam.org/
980450094,Nova Scotia Nature Trust,Other ,,CANADA,FORGN,https://nsnt.ca/
980534416,American Friends of Singapore Management University Inc.,Other ,,SINGAPORE,FORGN,https://www.smu.edu.sg/
980549367,Lions Roar Foundation,Other ,,CANADA,FORGN,https://www.lionsroar.com/donate-canada
980567045,Living Oceans Society,Other ,,CANADA,FORGN,https://livingoceans.org/
980589812,Ben-Gurion University of the Negev,Other ,,ISRAEL,FORGN,https://www.bgu.ac.il/en
980599690,Bath Fitter Foundation Inc.,Other ,,CANADA,FORGN,https://www.bathfitter.com/ca-en
980671580,Kingsburg Coastal Conservancy Association,Other ,,CANADA,FORGN,https://kccns.org/
980672517,Zoocheck Canada Incorporated,Other ,,CANADA,FORGN,https://www.zoocheck.com/
980682757,Camp Qwanoes,Other ,,CANADA,FORGN,https://qwanoes.ca/
981051915,Magnetawan Watershed Land Tr,Other ,,CANADA,FORGN,https://www.mwlt.org/
981057492,Thousand Islands Watershed Land Tr,Other ,,CANADA,FORGN,https://www.tiwlt.ca/
981067560,Universite Laval,Other ,,CANADA,FORGN,https://www.ulaval.ca/
981171352,La Corporation Du College De L Assomption,Other ,,CANADA,FORGN,https://classomption.qc.ca/college
981172246,Stichting Travelling Animal Doctors,Other ,,NETHERLANDS,FORGN,http://www.travellinganimaldoctors.org/about-us.html
981198220,North American Black Historical Museum Incorporated,Other ,,CANADA,FORGN,https://www.soulofamerica.com/international
981227060,Alpha Ministries Canada,Other ,,CANADA,FORGN,https://alphacanada.org/
981246110,Combat Veterans Motorcycle Association Korea Inc.,Other ,,REPUBLIC OF KOREA,FORGN,https://www.cvma31-1.com/
981253233,Museum Kampa- the Jan and Meda Mladek Foundation,Other ,,CZECH REPUBLIC,FORGN,https://www.museumkampa.cz/foundation
981289290,Changchub Buddhist Church,Other ,,CANADA,FORGN,https://my.charitableimpact.com/charities
981332758,Save Our Sons Inc.,Other ,,AUSTRALIA,FORGN,https://saveoursons.org.au/
981404185,Hope Thailand,Other ,,CANADA,FORGN,https://hopethailand.org/
981505324,Sherman Foundation,Other ,,CANADA,"FORGN,PF",https://www.theshermanfoundation.com/about-us
981511659,Rwenzori Center for Research and Advocacy,Other ,,UGANDA,FORGN,https://www.girlsnotbrides.org/our-partnership
981515243,Camp Luther Association,Other ,,CANADA,FORGN,https://campluther.ca/
981530871,Pacific Coast Childrens Mission,Other ,,CANADA,FORGN,https://camphomewood.com/
981563988,Wilms Cancer Foundation,Other ,,BRITISH COLUMBIA CAN,FORGN,https://www.wilmsfoundation.org/
981582872,Montreal School of Theology,Other ,,CANADA,FORGN,https://mst-etm.ca/
981609081,Providence University College and Theological Seminary,Other ,,CANADA,FORGN,https://www.prov.ca/
981642555,Friends of Beirut Chants Inc.,Other ,,LEBANON,FORGN,https://beirutchants.com/
981644897,Newman Theological College St. Josephs Seminary,Other ,,CANADA,FORGN,https://www.newman.edu/About
981674165,Tula Foundation,Other ,,CANADA,"FORGN,PF",https://tula.org/
981705457,University of Northumbria at Newcastle,Other ,,NORTHERN IRELAND,FORGN,https://www.northumbria.ac.uk/
981741846,Windsor Gospel Assembly Church of God,Other ,,CANADA,FORGN,https://wgachurch.com/
986000438,International Grenfell Association,Other ,,CANADA,"FORGN,PF",https://grenfellassociation.org/
986000941,Stratford Shakespearean Festival Foundation of Canada,Other ,,CANADA,FORGN,https://www.stratfordfestival.ca/
986001058,World Missionary Fellowship of the Church of God of Canada,Other ,,CANADA,FORGN,https://canadawmscog.org/about-us
986001073,Trustee Board of the Presbyterian Church in Canada,Other ,,CANADA,FORGN,https://presbyterian.ca/
986001126,Roman Catholic Episcopal Corporation of Mackenzie,Other ,,CANADA,FORGN,https://mfsdiocese.ca/
986001254,The Governors of the University of Alberta,Other ,,CANADA,FORGN,https://www.ualberta.ca/en
986001376,La Corporation Episcopale,Other ,,CANADA,FORGN,https://publications.gc.ca/site
986004087,Parish of Holy Trinity Holy Trinity Church,Other ,,CANADA,FORGN,https://holytrinityparish.ca/
986005018,Mission La Bonne Mouvelle,Other ,,CANADA,FORGN,https://www.missionbonnenouvelle.com/category
986008096,St. Francis Xavier University,Other ,,CANADA,FORGN,https://www.stfx.ca/
990366981,Valid Nutrition Inc.,Other ,,IRELAND,FORGN,https://www.validnutrition.org/
990369475,Greece Debt Free Inc.,Other ,,GREECE,FORGN,https://www.news247.gr/oikonomia
990376332,Living Water Arts Foundation,Other ,,CANADA,FORGN,https://www.canadahelps.org/en
990547841,World Memon Organisation USA Inc.,Other ,,UNITED KINGDOM,FORGN,https://wmoworld.org/
990616576,Never Alone Foundation Corp,Other ,,THE GAMBIA,FORGN,https://www.neveralonefoundationcorp.com/about
990769907,Friends of St. Georges Church,Other ,,ITALY,"FORGN,SO",http://www.stgeorgesvenice.com/
991118737,Sbibos Np Inc.,Other ,,AFGHANISTAN,FORGN,https://opencorpdata.com/us-co
991227596,Pentagon Baseball Inc.,Other ,,AFGHANISTAN,FORGN,https://www.pentagonbaseball.com/
993547429,Bishop Michael Duren Hope Center Inc.,Other ,,UNITED KINGDOM,FORGN,https://www.forevermissed.com/bishopmichael-william-duren
993872313,Doraville Police Foundation Inc.,Other ,,GEORGIA,FORGN,https://www.doravillega.us/services
996016793,Georgia Augusta Universitat Gottingen,Other ,,GERMANY,FORGN,https://www.uni-goettingen.de/en
311575449,Torah Academy of Ottawa,Ottawa On,,CANADA,FORGN,http://www.torahday.ca/
330640315,Tender Loving Care Children Ministries,Ottawa On,,CANADA,FORGN,https://tlccm.net/
510616171,Diamond Development Initiative International,Ottawa On,,CANADA,FORGN,https://www.kimberleyprocess.com/
612076779,Encounter the Truth,Ottawa On,,CANADA,FORGN,https://encounterthetruth.org/
980449807,The Ottawa Heart Institution Foundation,Ottawa On,,CANADA,FORGN,https://foundation.ottawaheart.ca/
980454111,Ottawa Hospital Research Institute,Ottawa On,,CANADA,FORGN,https://www.ohri.ca/home.asp
237088831,Carleton University,Ottawa Ontario,,CANADA,FORGN,https://carleton.ca/
300545486,Cuso International,Ottawa Ontario,,CANADA,FORGN,https://cusointernational.org/work
320575037,Friends of Royal Ottawa Foundation Inc.,Ottawa Ontario,,CANADA,FORGN,https://www.theroyal.ca/get-involved
454844114,Blue Planet Project Inc.,Ottawa Ontario,,CANADA,FORGN,https://blueplanetproject.net/
472886678,Friends of Canadian Wilderness,Ottawa Ontario,,CANADA,FORGN,https://cwf-fcf.org/en
521970455,Carleton University Foundation US,Ottawa Ontario,,CANADA,FORGN,https://carleton.ca/advancement
760735531,Gender at Work,Ottawa Ontario,,CANADA,FORGN,https://genderatwork.org/
872087896,Friends of the Ottawa Hospital Foundation,Ottawa Ontario,,CANADA,FORGN,https://ohfoundation.ca/
980038349,Carleton University Retirement Plan S1s 5b6,Ottawa Ontario,,CANADA,FORGN,https://carleton.ca/hr
980048901,United Way of Canada Centraide,Ottawa Ontario,,CANADA,FORGN,https://www.unitedway.ca/
980118943,Foundation for Educational Exchange Between Canada & the US A,Ottawa Ontario,,CANADA,FORGN,https://www.fulbright.ca/
980408652,National Arts Centre Corporation,Ottawa Ontario,,CANADA,FORGN,https://nac-cna.ca/en
981044174,Canadian Bureau for International Education,Ottawa Ontario,,CANADA,FORGN,https://cbie.ca/
986000843,Canada Council for the Arts,Ottawa Ontario,,CANADA,FORGN,https://canadacouncil.ca/
263234632,American Samoa Association of Paddlers,Pago Pago,,AUSTRALIA,FORGN,https://www.canoeicf.com/federation
660629715,American Samoa Swimming Association,Pago Pago,,AUSTRALIA,FORGN,https://websites.mygameday.app/assoc_page.cgi
660657506,Le Ekalesia Metotisi I Fagatogo,Pago Pago,,AUSTRALIA,FORGN,https://www.pouesimusic.com/hymn-books
660753129,Samoana High School Parent Teacher Association,Pago Pago,,AUSTRALIA,FORGN,https://www.amsamoadoe.com/highschools
660803228,Alofa Mo Meaola,Pago Pago,,AUSTRALIA,FORGN,https://nonprofitlocator.org/organizations
660847284,Business & Professional Women of Pago Pago,Pago Pago,,AUSTRALIA,FORGN,https://www.bpw.com.au/
660857620,Samoana Jazz and Arts of American Samoa Inc.,Pago Pago,,AUSTRALIA,FORGN,https://samoanajazz.weebly.com/
660889868,Pacific Island Foundation,Pago Pago,,AMERICAN SAMOA,FORGN,https://www.pacificislandfoundation.org/
660905065,Friends of the Museum of American Samoa,Pago Pago,,AUSTRALIA,FORGN,https://haydonmuseumamericansamoa.org/friends-of-the-museum
660937173,Natures Educational Laboratory of American Samoa Inc.,Pago Pago,,AUSTRALIA,FORGN,https://www.nelasaiga.org/
660952111,Floating Coconuts Outrigger Canoe Club,Pago Pago,,AUSTRALIA,FORGN,https://www.mycommunitydirectory.com.au/Queensland
660980871,Folauga Ole Tatau Aganuu Malaga Faasamoa,Pago Pago,,AUSTRALIA,FORGN,https://www.faasamoaarts.com/our-organization
661026800,Pfp Aeto Youth Outreach Services,Pago Pago,,AUSTRALIA,FORGN,https://www.streetwork.org.au/
661031943,Toa O Samoa Golf Association of American Samoa,Pago Pago,,AUSTRALIA,FORGN,https://samoapocketguide.com/the-complete-guide-to-golf-in-samoa
661033780,Manatua,Pago Pago,,AMERICAN SAMOA,FORGN,https://www.manatua.org/
660737162,Women in New Dimensions,Pago Pago American Sam,,AUSTRALIA,FORGN,https://newdimensions.com.au/newmember
660775268,Graspp - God Restores and Saves Precious People,Pago Pago American Sam,,AUSTRALIA,FORGN,https://www.instrumentl.com/990-report
660840678,American Samoa Chinese Community Association Inc.,Pago Pago American Sam,,AUSTRALIA,FORGN,https://www.chinese.org.au/community
660906671,Sailing Association of American Samoa Inc.,Pago Pago American Sam,,AUSTRALIA,FORGN,https://sasnoc.com/sailing
660833695,Back on Track,Pago Pago As,,AUSTRALIA,FORGN,https://backontrackproducts.com.au/
660840534,A Better Community Organization,Pago Pago As,,AUSTRALIA,FORGN,https://www.communityfoundation.org.au/
660974710,Samoan Partnership for Equity and Research,Pago Pago As,,AUSTRALIA,FORGN,https://www.dfat.gov.au/geo
661002009,Nuu Foundation Incorporated,Pago Pago As,,AMERICAN SAMOA,FORGN,https://opengovus.com/sam-entity
834103941,Pasefika Community Connection,Pago Pago As,,AUSTRALIA,FORGN,https://www.engagepasefika.au/
271631692,Disabled and Indigent Children Foundation International-Philippin,Paniqui Tarlac,,PHILIPPINES,FORGN,http://www.fcfinc.org/
462492950,Cit Colleges Alumni Association International Inc.,Paniqui Tarlac,,PHILIPPINES,FORGN,https://cit-paniqui.com/
237303703,International Water Resources Association Inc.,Paris,,FRANCE,FORGN,https://www.iwra.org/
832508289,Respect Zone USA Inc.,Paris,,FRANCE,FORGN,https://www.respectzone.org/
980000064,American Library in Paris Inc.,Paris,,FRANCE,FORGN,https://americanlibraryinparis.org/
986001425,American Pro Catherdral Church of the Holy Trinity,Paris,,FRANCE,FORGN,https://amcathparis.com/
660729110,Favor Presbyterian Church of Saipan,Po Box,,MAURITIUS,FORGN,https://www.presbyterian.mu/en
980379818,Kebzeh Foundation,Po Box,,VERNON,FORGN,https://kebzeh.org/
365093313,Fertility Business Initiatives Institute,Quebec,,CANADA,FORGN,https://fertilitybusiness.org/about
391522897,British North America Philatelic Society Ltd.,Quebec,,CANADA,FORGN,https://www.bnaps.org/
986000964,Board of Trustees Centennary United Church,Quebec,,CANADA,FORGN,https://united-church.ca/sites
136271584,Fred & Suzan Ehrman Foundation,Raanana,,ISRAEL,"FORGN,PF",https://fconline.foundationcenter.org/fdo-grantmaker-profile
981161576,Palestinian Internship Program Inc.,Raanana,,ISRAEL,FORGN,https://www.palinternship.com/
980161264,L Arche Daybreak Foundation US,Richmond Hill Ontario,,CANADA,"FORGN,SOUNK",https://larchedaybreak.com/
980164389,Larche Daybreak,Richmond Hill Ontario,,CANADA,FORGN,https://larche.ca/community
980142916,Bioversity International,Rome,,ITALY,FORGN,https://alliancebioversityciat.org/
986001330,Testaccio Non Catholic Cemetary,Rome,,ITALY,"EO,FORGN",https://www.lavitaroma.com/blog
660957765,Marianas Food Bank Inc.,Saipan,,MAURITIUS,FORGN,https://www.foodbanking.org/global-reach
660971933,Our Common Wealth 670,Saipan,,MAURITIUS,FORGN,https://linktr.ee/ourcommonwealth670
660986036,Commonwealth of the Northern Mariana Island Growers Association,Saipan,,JAPAN,FORGN,https://www.cnmiga.org/
661012256,Marianas Institute of Technology,Saipan,,MAURITIUS,FORGN,https://www.utm.ac.mu/
661015337,Grace Christian Assembly Kagman,Saipan,,GUAM,FORGN,https://www.gcafamilychurch.org/
980444604,Northern Mariana Islands Volleyball Association Nmiva,Saipan,,MAURITIUS,FORGN,https://www.mvariety.com/sports
661010719,Northern Mariana Islands Basketball Federation,Saipan Mp,,MAURITIUS,FORGN,https://about.fiba.basketball/en
661015867,Boonie Babies Saipan Inc.,Saipan Mp,,NORTHERN MARIANA ISLAN,FORGN,https://booniebabiessaipan.com/
661017772,Amelia Earhart Saipan Memorial Monument Inc.,Saipan Mp,,AUSTRALIA,FORGN,https://www.mvariety.com/views
770613996,Northern Marianas Judiciary Historical Society,Saipan Mp,,MAURITIUS,FORGN,https://www.nmijudiciary.gov/historical-society
660548376,The Efron Foundation Inc.,San Juan,,PUERTO RICO,"FORGN,PF",http://efronfoundation.org/
660864878,Amigxs Del Mar,San Juan,,PUERTO RICO,"FORGN,POF",https://www.amigxsdelmar.org/
660919823,Social Holding Foundation Corp,San Juan,,PUERTO RICO,"FORGN,SO",https://rcp.estado.pr.gov/en
660959511,Puerto Rico 5g Zone Inc.,San Juan,,PUERTO RICO,FORGN,https://www.pr5gzone.org/
237102787,Shawnigan Lake School,Shawnigan Lake Bc,,CANADA,FORGN,https://shawniganlakeacademy.com/
980224048,Shawnigan Lake School Foundation,Shawnigan Lake Bc,,CANADA,FORGN,https://shawniganlakeacademy.com/
311490115,Universite De Sherbrooke,Sherbrooke Quebec,,CANADA,FORGN,https://www.usherbrooke.ca/
986005163,Bishops College School Foundation,Sherbrooke Quebec,,CANADA,"FORGN,SOUNK",https://www.bishopscollegeschool.com/
660857825,Healthdove Inc.,St. Thomas,,BRITISH VIRGIN ISLANDS,FORGN,https://healthdove.com/home
660883254,None Suffer Lack,St. Thomas,,BRITISH VIRGIN ISLANDS,FORGN,https://bvi.gov.vg/
660893460,Connor Dental Center Outreach Program,St. Thomas,,BRITISH VIRGIN ISLANDS,FORGN,https://connordental.com/
660993838,De Element Inc.,St. Thomas,,ST LUCIA,FORGN,https://www.deelement.com/shop
661077095,Cancer Support VI Inc.,St. Thomas,,BRITISH VIRGIN ISLANDS,FORGN,https://www.cancersupportvi.com/
661082405,Aliyah Boston Foundation,St. Thomas,,BRITISH VIRGIN ISLANDS,FORGN,https://www.visitusvi.com/press-release
986001434,First United Church,St. Thomas,,CANADA,FORGN,https://firstunited.ca/
660672742,Centro Evangelistico Fuente De Luz Inc.,St. Thomas Ands,,VIRGIN ISLANDS,FORGN,https://www.findglocal.com/VI
660901665,Iglesia Casa De Liberacion,St. Thomas Ands,,VIRGIN ISLANDS,FORGN,https://casadeliberacion.blogspot.com/
300924111,St. Thomas St. John Youth Scholastic Chess Club Inc.,St. Thomas Vi,,BRITISH VIRGIN ISLANDS,FORGN,https://www.virginislandsdailynews.com/island_life
660640568,Water Island Search and Rescue Inc.,St. Thomas Vi,,BRITISH VIRGIN ISLANDS,FORGN,https://visar.org/
660919725,VI Vybe Inc.,St. Thomas Vi,,BRITISH VIRGIN ISLANDS,FORGN,https://bvi.gov.vg/
660923451,Charlotte Amalie High School Alumni Network Inc.,St. Thomas Vi,,BRITISH VIRGIN ISLANDS,FORGN,https://cam.vide.vi/alumni
660981376,Piton Cultural Dancers Inc.,St. Thomas Vi,,BRITISH VIRGIN ISLANDS,FORGN,https://www.pitoncd.com/
311706584,British Columbis Conservation Foundation,Surrey Bc,,CANADA,FORGN,https://www.bccf.com/
461835656,Lift the Children US,Surrey Bc,,CANADA,FORGN,https://liftthechildren.org/
680680719,Under the Same Sun Foundation USA,Surrey Bc,,CANADA,FORGN,https://www.underthesamesun.com/
912061670,John Volken Foundation,Surrey Bc,,CANADA,"FORGN,SOUNK",https://www.johnvolkenfoundation.org/homepage
222530466,Ise Cultural Foundation Inc.,Tokyo,,JAPAN,"FORGN,PF",http://www.isefoundation.org/
510350058,World Assistance for Cambodia Inc.,Tokyo,,JAPAN,FORGN,https://www.cambodiaschools.com/
301311019,Nassali Foundation,Toronto,,CANADA,FORGN,https://www.canada.ca/en
452312810,Womens Brain Health Initiative Inc.,Toronto,,CANADA,FORGN,https://womensbrainhealth.org/
521291786,Association for Womens Rights in Development,Toronto,,CANADA,FORGN,https://www.awid.org/
521292273,Association for Radiologic and Imaging Nursing Inc.,Toronto,,CANADA,FORGN,https://www.arinursing.org/
751850754,Ontario Educational Communications Authority,Toronto,,CANADA,FORGN,https://www.pas.gov.on.ca/Home
986000893,Donner Canadian Foundation,Toronto,,CANADA,"FORGN,PF",https://donner.ca/
986001157,Incorporated Synod of the Diocese of Toronto,Toronto,,CANADA,FORGN,https://www.toronto.anglican.ca/about-us
986001410,Anglican Church of Candada,Toronto,,CANADA,FORGN,https://www.anglican.ca/
986001432,St. James Cathedral,Toronto,,CANADA,FORGN,https://stjamescathedral.ca/
141807509,Ciar Association Inc.,Toronto On,,CANADA,FORGN,https://cifar.ca/support
200835061,Friends of Journalists for Human Rights Inc.,Toronto On,,CANADA,FORGN,https://jhr.ca/
204733601,American Friends of the Art Gallery of Ontario Inc.,Toronto On,,CANADA,FORGN,https://ago.ca/
461720459,Ujiri Foundation Inc.,Toronto On,,CANADA,FORGN,https://giantsofafrica.org/
463611743,Centre for Social Innovation Nyc Inc.,Toronto On,,CANADA,FORGN,https://socialinnovation.org/
467166211,Kayemet Foundation,Toronto On,,CANADA,"FORGN,PF",https://www.canadahelps.org/en
467167937,Yesod Foundation,Toronto On,,CANADA,"FORGN,PF",https://yesodfoundation.org/
467180005,Tribute Foundation,Toronto On,,CANADA,"FORGN,PF",https://tribute-foundation.org/
821976773,Musical Stage Company,Toronto On,,CANADA,FORGN,https://musicalstagecompany.com/
825409601,Joel Koschitzky Charitable Foundation,Toronto On,,CANADA,"FORGN,PF",https://fconline.foundationcenter.org/fdo-grantmaker-profile
922822778,New York Auto Experience Inc.,Toronto On,,CANADA,FORGN,https://www.autoshowny.com/ticketed
980000680,Independent Order of Foresters,Toronto On,,CANADA,"EO,FORGN,GROUP,LODGE",https://www.foresters.com/-
980047586,Laidlaw Foundation,Toronto On,,CANADA,"FORGN,POF",https://laidlawfoundation.com/
980086227,International Society for Isaac,Toronto On,,CANADA,FORGN,https://isaac-online.org/english
980140282,Inuit Art Foundation,Toronto On,,CANADA,FORGN,https://www.inuitartfoundation.org/
980150041,Metropolitan Andrey Sheptytsky Institute Foundation,Toronto On,,CANADA,"FORGN,SOUNK",https://sheptytskyinstitute.ca/about
981587843,Tyndale University College & Seminary,Toronto On,,CANADA,FORGN,https://www.tyndale.ca/
981651870,Toronto Metropolitan University,Toronto On,,CANADA,FORGN,https://www.torontomu.ca/
981665341,Krawczyk Family Foundation,Toronto On,,CANADA,"FORGN,PF",https://krawczykfoundation.com/
981667004,Knrs Charitable Foundation,Toronto On,,CANADA,"FORGN,PF",https://www.canadacompanyregistry.com/companies
986001253,United Way of Greater Toronto,Toronto On,,CANADA,FORGN,https://www.unitedwaygt.org/
986001404,General Synod of the Anglican,Toronto On,,CANADA,FORGN,https://www.anglican.ca/about
122680572,Canadian Unicef Committee-Comite Unicef Canada,Toronto Ontario,,CANADA,FORGN,https://www.unicef.ca/en
132556216,Upper Canada Educational Foundation,Toronto Ontario,,CANADA,FORGN,https://www.ucc.on.ca/welcome
237069576,Upper Canada College Foundation,Toronto Ontario,,CANADA,"FORGN,SOUNK",https://www.ucc.on.ca/welcome
237128118,F K Morrow Foundation,Toronto Ontario,,CANADA,"FORGN,PF",http://www.fkmorrowfoundation.ca/
237222740,Psi Foundation,Toronto Ontario,,CANADA,"FORGN,PF",https://www.psifoundation.org/
237361922,Association for Iranian Studies Inc.,Toronto Ontario,,CANADA,FORGN,https://associationforiranianstudies.org/
271270656,Harbourfront Centre Foundation,Toronto Ontario,,CANADA,FORGN,https://harbourfrontcentre.com/
352752555,The P Austin Family Foundation Inc.,Toronto Ontario,,CANADA,"FORGN,PF",https://fconline.foundationcenter.org/fdo-grantmaker-profile
463512099,Magenta Foundation Inc.,Toronto Ontario,,CANADA,FORGN,https://www.magentafoundation.org/
464751110,Trans Africa Pipeline Foundation Inc.,Toronto Ontario,,CANADA,FORGN,https://transafricapipeline.org/
467171608,Aura Foundation,Toronto Ontario,,CANADA,"FORGN,PF",https://aurafoundation.org/
467182727,Tamid Foundation,Toronto Ontario,,CANADA,"FORGN,PF",https://www.canada.ca/en
942986450,Fridays Child International,Toronto Ontario,,CANADA,FORGN,https://www.canadacompanyregistry.com/companies
980033472,Royal Ontario Museum,Toronto Ontario,,CANADA,FORGN,https://www.rom.on.ca/
980054083,Ontario Educational Communications Authority,Toronto Ontario,,CANADA,FORGN,https://www.pas.gov.on.ca/Home
980065737,Church of St. Andrew & St. Paul,Toronto Ontario,,CANADA,FORGN,https://standrewstpaul.com/
980067299,Sunnybrook Foundation,Toronto Ontario,,CANADA,FORGN,https://foundation.sunnybrook.ca/
980158792,University Health Network Foundation US Inc.,Toronto Ontario,,CANADA,"FORGN,SOUNK",https://uhnfoundation.ca/
980183325,Hospital for Sick Children Foundation,Toronto Ontario,,CANADA,FORGN,https://www.sickkids.ca/
980203027,World Wildlife Fund Canada,Toronto Ontario,,CANADA,FORGN,https://wwf.ca/
980341969,United Israel Appeal of Canada Inc.,Toronto Ontario,,CANADA,FORGN,https://www.kh-uia.org.il/about-us
980450629,Jdb Charitable Foundation,Toronto Ontario,,CANADA,"FORGN,PF",https://www.canada.ca/en
980490511,Friends of Canadas National Ballet School,Toronto Ontario,,CANADA,FORGN,https://www.nbs-enb.ca/
980684822,Jays Care Foundation,Toronto Ontario,,CANADA,FORGN,https://www.mlb.com/bluejays
981486630,Centennial Infant and Child Centre Foundation,Toronto Ontario,,CANADA,FORGN,https://cicc.ca/
981498832,Buddhist Society for Compassionate Wisdom-Canada,Toronto Ontario,,CANADA,FORGN,https://www.zenbuddhisttemple.org/governance
981515811,True Patriot Love Foundation,Toronto Ontario,,CANADA,FORGN,http://truepatriotlove.com/
981525359,Canada - Ukraine Foundation,Toronto Ontario,,CANADA,FORGN,https://www.cufoundation.ca/
981586704,Knox College,Toronto Ontario,,CANADA,FORGN,https://knox.utoronto.ca/
986000971,University Health Network,Toronto Ontario,,CANADA,FORGN,https://www.uhn.ca/
986001046,Mount Pleasant Group of Cemeteries,Toronto Ontario,,CANADA,"EO,FORGN",https://www.mountpleasantgroup.com/
986001051,Victoria University,Toronto Ontario,,CANADA,FORGN,https://www.uvic.ca/
986001141,Governing Council of the University of Toronto,Toronto Ontario,,CANADA,FORGN,https://governingcouncil.utoronto.ca/
986001155,Governing Council of the Salvation Army in Canada,Toronto Ontario,,CANADA,FORGN,https://salvationarmy.ca/about-us
986001242,Canadian Cancer Society,Toronto Ontario,,CANADA,FORGN,https://cancer.ca/en
133932623,Oberoi Family Foundation,Unknown,,UNITED KINGDOM,"FORGN,PF",https://fconline.foundationcenter.org/fdo-grantmaker-profile
980158695,International Community Church Inc.,Unknown,,UNITED KINGDOM,FORGN,https://www.icc-uk.org/core-values
980509143,St. Josephs Healthcare Foundation Hamilton,Unknown,,CANADA,"FORGN,PF",https://stjoesfoundation.ca/
237360926,Vancouver Mandarin Church,Vancouver,,CANADA,FORGN,https://www.joinmychurch.org/churches
316634778,Jubilo Trust,Vancouver,,CANADA,"FORGN,PF",https://www.canadahelps.org/en
942922923,Chan Foundation,Vancouver,,CANADA,"FORGN,PF",https://chanzuckerberg.com/
986008055,Bible Holiness Movement,Vancouver,,CANADA,FORGN,https://www.yearbookofchurches.org/bible-holiness-movement-canada
272076305,Pca Product Stewardship Inc.,Vancouver Bc,,CANADA,FORGN,https://www.productcare.org/about
363146061,American Society for Apheresis,Vancouver Bc,,CANADA,FORGN,https://www.apheresis.org/
432004913,Friends of Vancouver Art Gallery,Vancouver Bc,,CANADA,"FORGN,PF",https://www.vanartgallery.bc.ca/
461906754,International Society for Biological and Environmental Repos,Vancouver Bc,,CANADA,FORGN,https://www.isber.org/default.aspx
521809771,International Society for Cellular Therapy,Vancouver Bc,,CANADA,FORGN,https://www.isctglobal.org/home
611665965,International Society of Nurses in Cancer Care Inc.,Vancouver Bc,,CANADA,FORGN,https://www.isncc.org/
832407599,A Better Life Foundation USA Inc.,Vancouver Bc,,CANADA,FORGN,https://www.abetterlifefoundation.ca/
862681086,Diversity Decolonization and the German Curriculum Collective,Vancouver Bc,,CANADA,FORGN,https://www.ddgccollective.org/
911786684,Friedland Foundation Inc.,Vancouver Bc,,CANADA,"FORGN,PF",https://fconline.foundationcenter.org/fdo-grantmaker-profile
943249127,Tetra Society of North America USA,Vancouver Bc,,CANADA,FORGN,https://tetrasociety.org/
980032427,Fraser Institute,Vancouver Bc,,CANADA,FORGN,https://www.fraserinstitute.org/
980034825,Vancouver School of Theology Columbia,Vancouver Bc,,CANADA,FORGN,https://vst.edu/
980040652,University of B C Pension Plan for Members of the Academic Staff,Vancouver Bc,,CANADA,FORGN,https://staff.pensions.ubc.ca/plan-members
980187154,Lotte and John Hecht Memorial Foundation,Vancouver Bc,,CANADA,"FORGN,PF",https://www.hecht.org/
980404212,Makeway Foundation,Vancouver Bc,,CANADA,FORGN,https://makeway.org/
980701785,Product Care Association,Vancouver Bc,,CANADA,FORGN,https://www.productcare.org/
981184500,Academics Without Borders,Vancouver Bc,,CANADA,FORGN,https://www.awb-usf.org/
981246784,First Pacific Theatre Society,Vancouver Bc,,CANADA,FORGN,https://www.pact.ca/membership
981504983,Pinecone Charitable Foundation,Vancouver Bc,,CANADA,"FORGN,PF",https://www.canada.ca/en
986001255,University of British Columbia,Vancouver Bc,,CANADA,FORGN,https://www.ubc.ca/
300358343,The S A Foundation-Canada,Vancouver British Colu,,CANADA,FORGN,https://www.safoundation.com/canada
371842055,World Housing Inc.,Vancouver British Colu,,CANADA,FORGN,https://worldhousing.org/
852398174,International Society for Physical Activity and Health,Vancouver British Colu,,CANADA,FORGN,https://ispah.org/
922200451,North America Veterinary Dermatology Forum,Vancouver British Colu,,CANADA,FORGN,https://navdf.org/
980050185,Ocean Wise Conservation Association,Vancouver British Colu,,CANADA,FORGN,https://ocean.org/
980197116,Jewish Community Centre of Greater Vancouver,Vancouver British Colu,,CANADA,FORGN,https://jccgv.com/
980423726,Green Thumb Players Society,Vancouver British Colu,,CANADA,FORGN,https://www.greenthumb.bc.ca/about
980644703,Obakki Foundation USA,Vancouver British Colu,,CANADA,FORGN,https://obakkifoundation.org/
981127355,International Engineering Journal Society - Iengj,Vancouver British Colu,,CANADA,FORGN,http://iaeng.org/
981401471,Footbridge Foundation,Vancouver British Colu,,CANADA,FORGN,https://www.footbridgeclinic.com/about
981504771,New Century Charitable Foundation,Vancouver British Colu,,CANADA,"FORGN,PF",https://www.canadacompanyregistry.com/companies
981614352,Vancouver School of Theology,Vancouver British Colu,,CANADA,FORGN,https://vst.edu/
384332698,Dopamine Society Inc.,Victoria,,CANADA,FORGN,https://dopaminesociety.org/
610645199,Colonel Harland Sanders Foundation Inc.,Victoria,,CANADA,"FORGN,PF",https://www.canadahelps.org/en
943148253,Sixth Ancestor Zen Center,Victoria,,CANADA,FORGN,https://sixthancestorzen.org/home
311576136,US Foundation for the University of Victoria,Victoria Bc,,CANADA,FORGN,https://www.uvic.ca/uvic-foundation
980136937,S A L T S Sail and Life Training Society,Victoria Bc,,CANADA,FORGN,https://www.salts.ca/
980354404,St. Michaels University School Society,Victoria Bc,,CANADA,FORGN,https://www.smus.ca/
980628334,Raven Respecting Aboriginal Values and Environmental Needs,Victoria Bc,,CANADA,FORGN,https://raventrust.com/
981416095,Victoria Hand Project,Victoria Bc,,CANADA,FORGN,https://www.victoriahandproject.com/
986001816,University of Victoria,Victoria Bc,,CANADA,FORGN,https://www.uvic.ca/
264571919,Heller Foundation,Washington Dc,,AFGHANISTAN,FORGN,https://www.hellerfoundation.org/
881405577,A Celebration of US Inc.,Washington Dc,,AFGHANISTAN,FORGN,https://celebrationofus.org/
986005022,Episcopal Church All Saints Church Anglican Church of Canada,Whitby,,CANADA,FORGN,https://www.anglican.ca/wp-content
986005027,St. Johns Anglican Church,Whitby,,CANADA,FORGN,https://stjohnskanata.ca/
261851238,Friends of the University of Windsor,Windsor Ontario,,CANADA,FORGN,https://www.uwindsor.ca/
311746708,St. Clair College of Applied Arts and Technology,Windsor Ontario,,CANADA,FORGN,https://www.stclaircollege.ca/
352815005,Stephanie and Barry Zekelman Foundation,Windsor Ontario,,CANADA,"FORGN,PF",https://windsorstar.com/news
980440748,Community Living Windsor,Windsor Ontario,,CANADA,FORGN,https://www.clwindsor.org/
980142199,International Institute for Sustainable Development,Winnipeg Manitoba,,CANADA,FORGN,https://www.iisd.org/
986008078,University of Manitoba,Winnipeg Manitoba,,CANADA,FORGN,https://www.umanitoba.ca/
980537324,Acadia University US Foundation Nova Scotia,Wolfville Nova Scotia,,CANADA,FORGN,https://www2.acadiau.ca/
986001152,Acadia University,Wolfville Nova Scotia,,CANADA,FORGN,https://www2.acadiau.ca/
